<XLUE>
	<resource>
		<!-- 离线下载-->
		<bitmap id="bitmap.offdown.lefttab" path="bitmap\offdown_lefttab.png"/>
		<texture id="texture.offdown.tip.bkg" type="ThreeInOneH" image="bitmap\offdown_tip_bkg.png"/>
		<imagelist id="imagelist.offdown.icon3" vertical="0" splitter="1" varyblock="1" image="bitmap\offdown_icon3.png" />
        <bitmap id="bitmap.offdown.icon3.accelerate" imagelist="imagelist.offdown.icon3" index="1" />
		<bitmap id="bitmap.offdown.icon3.offdown" imagelist="imagelist.offdown.icon3" index="2" />
		<bitmap id="bitmap.offdown.icon2" path="bitmap\offdown_icon2.png"/>
		<bitmap id="bitmap.freeoffdown.upspeed" path="bitmap\freelixian.upspeed.png"/>
		<imagelist id="imagelist.offdown.icon4" vertical="0" splitter="1" varyblock="1" image="bitmap\offdown_icon4.png"/>
		<bitmap id="bitmap.offdown.icon4.offdown" imagelist="imagelist.offdown.icon4" index="5"/>
		<bitmap id="bitmap.offdown.icon4.flashing" imagelist="imagelist.offdown.icon4" index="1"/>
		<bitmap id="bitmap.offdown.icon" imagelist="imagelist.offdown.icon4" index="4"/>
		
		<texture id="bitmap.offdown.tip.infotip.bkg" type="NineInOne" image="bitmap\info.tip.png"/>
		
		
        <bitmap id="bitmap.community.vipservice.faq" path="bitmap\VipService.FAQ.png" />
		<texture id="texture.offdown.tab.bkg" type="ThreeInOneH" image="bitmap\offdowm_tab_bkg.png"/>
        <imagelist id="imagelist.offdown.process" vertical="0" splitter="1" varyblock="1" image="bitmap\offdown.process.png"/>
        <texture id="texture.offdown.process.full" type="ThreeInOneH" imagelist="imagelist.offdown.process" index="1" />
        <texture id="texture.offdown.process.empty" type="ThreeInOneH" imagelist="imagelist.offdown.process" index="2" />

	
	    <imagelist id="imagelist.community.diskspace.progress" vertical="0" splitter="1" varyblock="1" image="bitmap\newtask.diskspace.progress.png" />
        <texture id="texture.community.diskspace.progress.enable.empty" type="ThreeInOneH" imagelist="imagelist.community.diskspace.progress" index="1" />
        <texture id="texture.community.diskspace.progress.enable.full" type="ThreeInOneH" imagelist="imagelist.community.diskspace.progress" index="2" /> 
		<texture id="texture.community.diskspace.progress.enable.nofull" type="ThreeInOneH" imagelist="imagelist.community.diskspace.progress" index="3" />
        <texture id="texture.community.diskspace.progress.disable.full" type="ThreeInOneH" imagelist="imagelist.community.diskspace.progress" index="4" />
		<imagelist id="imagelist.community.offline.btdlg.tab.btn" vertical="0" splitter="1" varyblock="1" image="bitmap\offline.bt.tab.btn.png" />
        <texture id="texture.community.offline.btdlg.tab.btn.normal" type="ThreeInOneH" imagelist="imagelist.community.offline.btdlg.tab.btn" index="1" />
        <texture id="texture.community.offline.btdlg.tab.btn.hover" type="ThreeInOneH" imagelist="imagelist.community.offline.btdlg.tab.btn" index="2" />
        <texture id="texture.community.offline.btdlg.tab.btn.down" type="ThreeInOneH" imagelist="imagelist.community.offline.btdlg.tab.btn" index="3" />
	
		<!-- 福建电信 -->
		<bitmap id="bitmap.tianyi" path="bitmap\tianyi.png"/>
		
		<!-- 高速通道 -->
		<imagelist id="imagelist.superspeed.cdnstatus" vertical="0" splitter="1" varyblock="1" image="bitmap\SuperSpeed.cdnstatus.png"/>
		<bitmap id="bitmap.superspeed.hascdn" imagelist="imagelist.superspeed.status" index="1" />
		<bitmap id="bitmap.superspeed.nocdn" imagelist="imagelist.superspeed.status" index="2" />
		<imagelist id="imagelist.superspeed.status" vertical="0" splitter="1" varyblock="1" image="bitmap\SupperSpeed.Status.png"/>
		<bitmap id="bitmap.superspeed.ready" imagelist="imagelist.superspeed.status" index="1" />
		<bitmap id="bitmap.superspeed.noready" imagelist="imagelist.superspeed.status" index="2" />
		<imagelist id="imagelist.superspeed.icon" vertical="0" splitter="1" varyblock="1" image="bitmap\offdown_icon4.png"/>
		<bitmap id="bitmap.superspeed.light" imagelist="imagelist.superspeed.icon" index="1" />
		<bitmap id="bitmap.superspeed.overcast" imagelist="imagelist.superspeed.icon" index="2" />
		<bitmap id="bitmap.superspeed.gray" imagelist="imagelist.superspeed.icon" index="3" />
		<bitmap id="bitmap.superspeed.offlinedownload1" imagelist="imagelist.superspeed.icon" index="4" />
		<bitmap id="bitmap.superspeed.offlinedownload2" imagelist="imagelist.superspeed.icon" index="5" />
		<bitmap id="bitmap.superspeed.offlinedownload3" imagelist="imagelist.superspeed.icon" index="6" />
		<bitmap id="bitmap.superspeed.offlinedownload4" imagelist="imagelist.superspeed.icon" index="7" />
		<bitmap id="bitmap.superspeed.viplight" imagelist="imagelist.superspeed.icon" index="8" />
		<bitmap id="bitmap.superspeed.vipgray" imagelist="imagelist.superspeed.icon" index="9" />
        <bitmap id="bitmap.superspeed.rareresourcenotify.icon" path="bitmap\RareResourceNotify.png" />
        <bitmap id="bitmap.offdown.buttonex.arrow" path="bitmap\bitmap.btn.arrow.png" />

		<!-- 动画 -->
		<imagelist id="imagelist.community.ani.vipconfig.logo" splitter="1" vertical="0" blocksize="46" varyblock="0" image="bitmap\vipconfig.ani.logo.png"/>
		<imageseq id="seqframeani.community.ani.vipconfig.logo" imagelist="imagelist.community.ani.vipconfig.logo"/>
		<imagelist id="imagelist.community.ani.vipconfig.firevip" splitter="1" vertical="0" blocksize="28" varyblock="0" image="bitmap\vipconfig.ani.firevip.png"/>
		<imageseq id="seqframeani.community.ani.vipconfig.firevip" imagelist="imagelist.community.ani.vipconfig.firevip"/>
		<imagelist id="imagelist.community.ani.logining" splitter="1" vertical="0" blocksize="50" varyblock="0" image="bitmap\USER_PANEL_LOGINING.png"/>
		<imageseq id="seqframeani.community.ani.logining" imagelist="imagelist.community.ani.logining"/>
		
        <!--离线高速改版 -->
        <imagelist id="imagelist.vipdownload.icon" splitter="1" vertical="0" varyblock="1" image="bitmap\vipdownload.icon.png"/>
        <bitmap id="community.vipdownload.superspeed.icon" imagelist="imagelist.vipdownload.icon" index="1" />
        <bitmap id="community.vipdownload.offdown.icon" imagelist="imagelist.vipdownload.icon" index="2" />
        <bitmap id="community.vipdownload.offdown.complete.normal" imagelist="imagelist.vipdownload.icon" index="3" />
        <bitmap id="community.vipdownload.offdown.complete.flash" imagelist="imagelist.vipdownload.icon" index="4" />
        <imagelist id="imagelist.vipdownload.offdown.progress" splitter="1" vertical="0" varyblock="1" image="bitmap\vipdownload.offdown.progress.png" />
        <texture id="community.vipdownload.offdown.progress.full" type="ThreeInOneH" imagelist="imagelist.vipdownload.offdown.progress" index="1" />
        <texture id="community.vipdownload.offdown.progress.empty" type="ThreeInOneH" imagelist="imagelist.vipdownload.offdown.progress" index="2" />

        <!--高速加速预期-->
        <texture id="community.superspeed.expection.progress" type="ThreeInOneH" image="bitmap\ExpectionProgress.png" />

		<!--会员评价-->
		<bitmap id="bitmap.viphead" path="bitmap\userevaluation.viphead.png" />
		<texture id="bitmap.split" path="bitmap\userevaluat.splitter.png" />
		<bitmap id="bitmap.xunlei.logo" path="bitmap\xunlei.logo.png" />
		<bitmap id="bitmap.collect.lefttab" path="bitmap\collect_lefttab.png"/>
		<imagelist id="imagelist.collect" vertical="0" splitter="1" varyblock="1" image="bitmap\imagelist_collect.png" />
		<bitmap id="bitmap.collect.normal" imagelist="imagelist.collect" index="1" />
		<bitmap id="bitmap.collect.hover" imagelist="imagelist.collect" index="2" />
		<bitmap id="bitmap.collect.down" imagelist="imagelist.collect" index="3" />
		<bitmap id="bitmap.collect.disable" imagelist="imagelist.collect" index="4" />
		
		<!--试用优化-->
		<imagelist id="imagelist.try.btn.bk" splitter="1" vertical="0" varyblock="1" image="bitmap\try.btn.bk.png"/>
		<texture id="try.btn.normal"  type="ThreeInOneH" imagelist="imagelist.try.btn.bk" index="1"/>
		<texture id="try.btn.hover"  type="ThreeInOneH" imagelist="imagelist.try.btn.bk" index="2"/>
		<texture id="try.btn.down"  type="ThreeInOneH" imagelist="imagelist.try.btn.bk" index="3"/>

		<imagelist id="imagelist.taskinfo.item.icon.png" vertical="0" splitter="1" varyblock="1" image="bitmap\taskinfo.item.icon.png"/>
		<bitmap id="bitmap.vipstatus.vipdownload" imagelist="imagelist.taskinfo.item.icon.png" index="3" />
		<bitmap id="bitmap.vipstatus.vipdownloading" imagelist="imagelist.taskinfo.item.icon.png" index="4" />

		<bitmap id="bitmap.vipservice.xl.icon" path="bitmap\vipassiant.lx.icon.png" />
		<bitmap id="bitmap.vipservice.superspeed.icon" path="bitmap\vipassiant.superspeed.icon.png" />
        
        <!--士力架场景-->
        <imagelist id="imagelist.sponcor.button.bkg" vertical="0" splitter="1" varyblock="1" image="bitmap\sponcor\button.png" />
        <bitmap id="bitmap.sponcor.btn.normal" imagelist="imagelist.sponcor.button.bkg" index="1" />
        <bitmap id="bitmap.sponcor.btn.hover" imagelist="imagelist.sponcor.button.bkg" index="2" />
        <bitmap id="bitmap.sponcor.btn.down" imagelist="imagelist.sponcor.button.bkg" index="3" />

		<imagelist id="imagelist.sponcor.tips.button.bkg" vertical="0" splitter="1" varyblock="1" image="bitmap\sponcor\tips.button.png" />
        <bitmap id="bitmap.sponcor.tips.btn.normal" imagelist="imagelist.sponcor.tips.button.bkg" index="1" />
        <bitmap id="bitmap.sponcor.tips.btn.hover" imagelist="imagelist.sponcor.tips.button.bkg" index="2" />
        <bitmap id="bitmap.sponcor.tips.btn.down" imagelist="imagelist.sponcor.tips.button.bkg" index="3" />

        <texture id="bitmap.sponcor.dlg.bkg" image="bitmap\sponcor\bkg.dlg.png" />
		<bitmap id="sponcor.tips.invite" image="bitmap\sponcor\tips.invite.png" />
        <imagelist id="imagelist.sponcor.entrys.bkg" vertical="0" splitter="1" varyblock="1" image="bitmap\sponcor\sponcor.entrys.png" />
        <texture id="texture.sponcor.entrys.bkg.normal" type="ThreeInOneH" imagelist="imagelist.sponcor.entrys.bkg" index="1" />
        <texture id="texture.sponcor.entrys.bkg.hover" type="ThreeInOneH" imagelist="imagelist.sponcor.entrys.bkg" index="2" />
        <texture id="texture.sponcor.entrys.bkg.down" type="ThreeInOneH" imagelist="imagelist.sponcor.entrys.bkg" index="3" />
		
		<!--提示用户开通会员-->
		<bitmap id="bitmap.RegisterVIP.right" path="bitmap\RegisterVIP.icon3.png"/>
		<bitmap id="bitmap.RegisterVIP.offdown" path="bitmap\RegisterVIP.icon2.png"/>
		<bitmap id="bitmap.RegisterVIP.warn" path="bitmap\RegisterVIP.warn.png"/>
		<bitmap id="bitmap.RegisterVIP.error" path="bitmap\RegisterVIP.error.png"/>
		<bitmap id="bitmap.RegisterVIP.sure.normal" path="bitmap\RegisterVIP.sure1.png"/>
		<bitmap id="bitmap.RegisterVIP.sure.hover" path="bitmap\RegisterVIP.sure2.png"/>
		<bitmap id="bitmap.RegisterVIP.sure.down" path="bitmap\RegisterVIP.sure3.png"/>
		<bitmap id="bitmap.RegisterVIP.register.normal" path="bitmap\RegisterVIP.register1.png"/>
		<bitmap id="bitmap.RegisterVIP.register.hover" path="bitmap\RegisterVIP.register2.png"/>
		<bitmap id="bitmap.RegisterVIP.register.down" path="bitmap\RegisterVIP.register3.png"/>
		<bitmap id="bitmap.RegisterVIP.offline.normal" path="bitmap\RegisterVIP.offline1.png"/>
		<bitmap id="bitmap.RegisterVIP.offline.hover" path="bitmap\RegisterVIP.offline2.png"/>
		<bitmap id="bitmap.RegisterVIP.offline.down" path="bitmap\RegisterVIP.offline3.png"/>
		<bitmap id="bitmap.year.pay" path="bitmap\yearpay.png"/>
		
		<bitmap id="bitmap.playtip.close" path="bitmap\playtip_close.png"/>

	</resource>
</XLUE>
