<XLUE>
<resource>

	<imagelist id="imagelist.expendbtn2" vertical="0" varyblock="1" splitter="1" image="bitmap\imagelist.expendbtn2.png" />
	<texture id="texture.expendbtn.unexpend.normal2" type="ThreeInOneH" imagelist="imagelist.expendbtn2" index="1"/>
	<texture id="texture.expendbtn.unexpend.hover2" type="ThreeInOneH" imagelist="imagelist.expendbtn2" index="2" />
	<texture id="texture.expendbtn.unexpend.down2" type="ThreeInOneH" imagelist="imagelist.expendbtn2" index="3"/>
	<texture id="texture.expendbtn.expend.normal2" type="ThreeInOneH" imagelist="imagelist.expendbtn2" index="4"/>
	<texture id="texture.expendbtn.expend.hover2" type="ThreeInOneH" imagelist="imagelist.expendbtn2" index="5" />
	<texture id="texture.expendbtn.expend.down2" type="ThreeInOneH" imagelist="imagelist.expendbtn2" index="6"/>
	
	<color id="color.text.report" value="#2d6ba4"/>
	
	
</resource>
</XLUE>