<XLUE>
<resource>
    <imagelist id="imagelist.vipservice.offline.panel" vertical="0" splitter="1" varyblock="1" image="bitmap\offlinepanel.png" />
	<bitmap id="vipservice.offline.panel.icon" imagelist="imagelist.vipservice.offline.panel" index="1" />	
	<bitmap id="vipservice.offline.panel.icon.hover" imagelist="imagelist.vipservice.offline.panel" index="2" />	
	<bitmap id="bitmap.sep" image="bitmap\sep.png"/>
	<bitmap id="lixian.icon" image="bitmap\lixian.icon.png"/>
	<bitmap id="image.download2local.normal" image="bitmap\download2local.png"/>
	<bitmap id="image.download2local.disable" image="bitmap\download2local.disable.png"/>
	
	<imagelist id="imagelist.download2local.ani" splitter="1" vertical="0" varyblock ="0"  blocksize="40" image="bitmap\imagelist.downloadtolocal.ani.png"/>
	<imageseq id="download2local.ani" imagelist="imagelist.download2local.ani"/>

    <!-- task list -->
    <texture id="vipservice.tasklist.listheader.bkg" path="bitmap\tasklist\list_header_bkg.png" />
    <texture id="vipservice.tasklist.listheader.item" path="bitmap\tasklist\list_header_item.png" />
    <texture id="vipservice.tasklist.listheader" path="bitmap\tasklist\listctrl_header.png" />
    <texture id="vipservice.tasklist.listitem.selected" path="bitmap\tasklist\list_item_bkg_select.png" />

    <bitmap id="vipservice.tasklist.taskstatus.submitting" path="bitmap\tasklist\list_item_taskstatus_submitting.png" />

    <!-- expand -->
    <texture id="vipservice.expand.button.disable" path="bitmap\expand\expand.button.disable.png" />
    <texture id="vipservice.expand.button.normal" path="bitmap\expand\expand.button.normal.png" />
    <texture id="vipservice.expand.button.hover" path="bitmap\expand\expand.button.hover.png" />
    <texture id="vipservice.expand.button.down" path="bitmap\expand\expand.button.down.png" />

	<bitmap id="vipservice.expand.normal.download.button" path="bitmap\bitmap.btn.arrow.png" />
    <bitmap id="vipservice.expand.delete.disable" image="bitmap\expand\expand.delete.disable.png" />
    <bitmap id="vipservice.expand.delete.normal" image="bitmap\expand\expand.delete.normal.png" />
    <bitmap id="vipservice.expand.download_tolocal.disable" image="bitmap\expand\expand.download_tolocal.disable.png" />
    <bitmap id="vipservice.expand.download_tolocal.normal" image="bitmap\expand\expand.download_tolocal.normal.png" />
    <bitmap id="vipservice.expand.play.disable" image="bitmap\expand\expand.play.disable.png" />
    <bitmap id="vipservice.expand.play.normal" image="bitmap\expand\expand.play.normal.png" />
    <bitmap id="vipservice.expand.redownload.disable" image="bitmap\expand\expand.redownload.disable.png" />
    <bitmap id="vipservice.expand.redownload.normal" image="bitmap\expand\expand.redownload.normal.png" />
    <bitmap id="vipservice.expand.save.disable" image="bitmap\expand\expand.save.disable.png" />
    <bitmap id="vipservice.expand.save.normal" image="bitmap\expand\expand.save.normal.png" />
    <bitmap id="vipservice.expand.pause.normal" image="bitmap\expand\expand.pause.normal.png" />
    <bitmap id="vipservice.expand.pause.disable" image="bitmap\expand\expand.pause.disable.png" />
	<bitmap id="Vipservice.expand.filemail" image="bitmap\filemail.png" />
	<bitmap id="Vipservice.expand.sharedisable.png" image="bitmap\sharedisable.png" />
   
   <!-- toolbar -->
    <bitmap id="vipservice.toolbar.download.down" image="bitmap\toolbar\toolbar.download.down.png" />
    <bitmap id="vipservice.toolbar.download.normal" image="bitmap\toolbar\toolbar.download.normal.png" />
    <bitmap id="vipservice.toolbar.restor.normal" image="bitmap\toolbar\toolbar.restor.normal.png" />
    <bitmap id="vipservice.toolbar.restor.disable" image="bitmap\toolbar\toolbar.restor.disable.png" />
    <imagelist id="imagelist.vipservice.toolbar.restor" splitter="1" vertical="0" varyblock ="0"  blocksize="40" image="bitmap\toolbar\toolbar.restor.seq.png" />
    <imageseq id="vipservice.toolbar.restor.seq" imagelist="imagelist.vipservice.toolbar.restor" />
	<bitmap id="bitmap.year.pay" path="bitmap\yearpay.png"/>
    <bitmap id="vipservice.web.error" image="bitmap\vipservice.web.error.img.png" />
	<imagelist id="imagelist.toolbar.share" vertical="0" splitter="1" varyblock="1" image="bitmap\toolbar\toolbar.share.png"/>
	<bitmap id="vipservice.toolbar.share.normal" imagelist="imagelist.toolbar.share" index="1"/>
	<bitmap id="vipservice.toolbar.share.disable" imagelist="imagelist.toolbar.share" index="2"/>
	<imagelist id="imagelist.vipservice.toolbar.share" splitter="1" vertical="0" varyblock ="0"  blocksize="38" image="bitmap\toolbar\share.ani.png" />
    <imageseq id="vipservice.toolbar.share.seq" imagelist="imagelist.vipservice.toolbar.share" />
	
	<imagelist id="imagelist.toolbar.allrenew" vertical="0" splitter="1" varyblock="1" image="bitmap\toolbar\toolbar.allrenew.png"/>
	<bitmap id="vipservice.toolbar.allrenew.normal" imagelist="imagelist.toolbar.allrenew" index="1"/>
	<bitmap id="vipservice.toolbar.allrenew.disable" imagelist="imagelist.toolbar.allrenew" index="2"/>
	<imagelist id="imagelist.vipservice.toolbar.allrenew" splitter="1" vertical="0" varyblock ="0"  blocksize="38" image="bitmap\toolbar\allrenew.ani.png" />
    <imageseq id="vipservice.toolbar.allrenew.seq" imagelist="imagelist.vipservice.toolbar.allrenew" />

    <imagelist id="imagelist.vipservice.toolbar.new" splitter="1" vertical="0" varyblock="0" blocksize="40" image="bitmap\toolbar\toolbar.newtask.seq.png" />
    <imageseq id="vipservice.toolbar.new.seq" imagelist="imagelist.vipservice.toolbar.new" />
    <bitmap id="vipservice.toolbar.new.normal" imagelist="imagelist.vipservice.toolbar.new" index="1" />
	<bitmap id="vipservice.toolbar.new.disable" image="bitmap\toolbar\toolbar.newtask.disable.png"/>

    <!--bt editor -->
    <bitmap id="Vipservice.bteditor.bticon" image="bitmap\bt_icon.png" />
    <imagelist id="imagelist.toolbar.btedit" vertical="0" splitter="1" varyblock="1" image="bitmap\toolbar\toolbar.btedit.png"/>
    <bitmap id="vipservice.toolbar.btedit.normal" imagelist="imagelist.toolbar.btedit" index="1"/>
    <bitmap id="vipservice.toolbar.btedit.disable" imagelist="imagelist.toolbar.btedit" index="2"/>
    <imagelist id="imagelist.vipservice.toolbar.btedit" splitter="1" vertical="0" varyblock ="0"  blocksize="38" image="bitmap\toolbar\toolbar.btedit.seq.png" />
    <imageseq id="vipservice.toolbar.btedit.seq" imagelist="imagelist.vipservice.toolbar.btedit" />
    <!-- category -->
    <bitmap id="vipservice.category.error.icon" image="bitmap\category\icon.error.big.png" />
    <bitmap id="vipservice.category.waiting.icon" image="bitmap\category\icon.waiting.big.png" />
    <bitmap id="vipservice.category.warnning.icon" image="bitmap\category\icon.warnning.big.png" />
    <bitmap id="vipservice.category.new.normal.icon" image="bitmap\category\icon.new.normal.png" />
    <bitmap id="vipservice.category.new.disable.icon" image="bitmap\category\icon.new.disable.png" />
	<texture id="vipservice.category.tip.bkg" type="NineInOne" image="bitmap\bitmap.tip.png"/>
	
	<!--overdue -->
	<texture id="offlinpenal.overdue.title.bkg" type="NineInOne" image="bitmap\overdue\title.png"/>
	<texture id="offlinpenal.overdue.notice.png" type="NineInOne" image="bitmap\overdue\notice.png"/>
	<bitmap id="offlinpenal.overdue.splitter.png" path="bitmap\overdue\splitter.png"/>
	<bitmap id="offlinpenal.overdue.shadow" path="bitmap\overdue\shadow.png"/>
	<bitmap id="offlinpenal.overdue.horn" path="bitmap\overdue\horn.png"/>
	<bitmap id="offlinpenal.overdue.intro.png" path="bitmap\overdue\intro.png"/>
	<bitmap id="offlinpenal.overdue.offline.png" path="bitmap\overdue\offline.png"/>
	<bitmap id="offlinpenal.overdue.superspeed.png" path="bitmap\overdue\superspeed.png"/>
	<bitmap id="offlinpenal.overdue.noAD.png" path="bitmap\overdue\noAD.png"/>
	<bitmap id="offlinpenal.overdue.moreright.png" path="bitmap\overdue\moreright.png"/>
	<bitmap id="offlinpenal.overdue.buy.png" path="bitmap\overdue\buy.png"/>
	<bitmap id="offlinpenal.overdue.V.png" path="bitmap\overdue\V.png"/>
	<bitmap id="offlinpenal.overdue.V1.png" path="bitmap\overdue\V1.png"/>
	<bitmap id="offlinpenal.overdue.V2.png" path="bitmap\overdue\V2.png"/>
	<bitmap id="offlinpenal.overdue.V3.png" path="bitmap\overdue\V3.png"/>
	<bitmap id="offlinpenal.overdue.V4.png" path="bitmap\overdue\V4.png"/>
	<bitmap id="offlinpenal.overdue.V5.png" path="bitmap\overdue\V5.png"/>
	<bitmap id="offlinpenal.overdue.V6.png" path="bitmap\overdue\V6.png"/>
	
</resource>
</XLUE>

