<XLUE>
	<resource>
	
		<bitmap id = "bitmap.select.angle" image = "bitmap\bitmap.select.angle.png" />
		
		<imagelist id = "imagelist.config.mousehover" vertical="0" splitter="1" varyblock="1" image="bitmap\bitmap.config.mousehover.png"/>
		<texture id = "bitmap.config.mousehover" type = "ThreeInOneH" imagelist = "imagelist.config.mousehover" index = "2" />
		<texture id="bitmap.config.category.select.item.hover" type="ThreeInOneH" imagelist="imagelist.config.mousehover" index="1"/>
	
		<bitmap id="bitmap.icon.uac.bkg" image="bitmap\bitmap.uac.png" />
		
		<imagelist id="imagelist.config.titlebar" vertical="0" splitter="1" varyblock="1" image="bitmap\bitmap.config.titlebar.png"/>
		<texture id="bitmap.config.titlebar.normal" type="ThreeInOneH" imagelist="imagelist.config.titlebar" index="1"/>
		<texture id="bitmap.config.titlebar.tips" type="ThreeInOneH" imagelist="imagelist.config.titlebar" index="2"/>
		
		<imagelist id="imagelist.config.category.select" vertical="0" splitter="1" varyblock="1" image="bitmap\bitmap.config.category.select.png"/>
		<texture id="bitmap.config.category.select.normal" type="ThreeInOneH" imagelist="imagelist.config.category.select" index="1"/>
		<texture id="bitmap.config.category.select.hover" type="ThreeInOneH" imagelist="imagelist.config.category.select" index="2"/>
		
		<imagelist id="imagelist.config.category.select.item" vertical="0" splitter="1" varyblock="1" image="bitmap\bitmap.config.category.select.item.png"/>
		<texture id="bitmap.config.category.select.item.normal" type="ThreeInOneH" imagelist="imagelist.config.category.select.item" index="1"/>
	
		<texture id="bitmap.config.category.shadow" type="ThreeInOneV" image="bitmap\bitmap.config.category.shadow.png" />
		
		<bitmap id="bitmap.config.tips.icon" image="bitmap\bitmap.config.tips.icon.png" />
		
		<imagelist id="imagelist.config.content.title.icon" vertical="0" splitter="1" varyblock="1" image="bitmap\bitmap.config.content.title.icon.png"/>
		<bitmap id="config.content.title.icon.thunderbolt.general" imagelist="imagelist.config.content.title.icon" index="1"/>
		<bitmap id="config.content.title.icon.thunderbolt.safe" imagelist="imagelist.config.content.title.icon" index="3"/>
		<bitmap id="config.content.title.icon.thunderbolt.appearance" imagelist="imagelist.config.content.title.icon" index="1"/>
		<bitmap id="config.content.title.icon.thunderbolt.message" imagelist="imagelist.config.content.title.icon" index="5"/>
		<bitmap id="config.content.title.icon.thunder.general" imagelist="imagelist.config.content.title.icon" index="1"/>
		<bitmap id="config.content.title.icon.thunder.default" imagelist="imagelist.config.content.title.icon" index="1"/>
		<bitmap id="config.content.title.icon.thunder.watch" imagelist="imagelist.config.content.title.icon" index="2"/>
		<bitmap id="config.content.title.icon.thunder.bt" imagelist="imagelist.config.content.title.icon" index="6"/>
		<bitmap id="config.content.title.icon.thunder.emule" imagelist="imagelist.config.content.title.icon" index="4"/>
		<bitmap id="config.content.title.icon.thunder.proxy" imagelist="imagelist.config.content.title.icon" index="1"/>
		<bitmap id="config.content.title.icon.thunder.message" imagelist="imagelist.config.content.title.icon" index="5"/>
		<bitmap id="config.content.title.icon.thunder.speedup" imagelist="imagelist.config.content.title.icon" index="1"/>
		
		<bitmap id="bitmap.config.content.splitter" image="bitmap\bitmap.config.content.splitter.png" />
		
		<imagelist id="imagelist.config.category.button.angle.ani" splitter="1" vertical="0" varyblock ="0"  blocksize="13" image="bitmap\bitmap.config.category.angle.png"/>
		<imageseq id="config.category.button.angle.ani" imagelist="imagelist.config.category.button.angle.ani"/>
		<bitmap id="config.category.button.angle.right" image="bitmap\bitmap.angle.png"/>
	</resource>
</XLUE>