<XLUE>
	<resource>
		<color id="color.linktext" value="#0079c5"/>
	
		<color id="color.config.title" red="185" green="192" blue="198" alpha="255" />
		<color id="color.config.content.title" red="204" green="209" blue="213" alpha="255" />
		<color id="color.config.title.save.bkg" red="249" green="241" blue="168" alpha="255" />
		<color id="color.config.title.save.success" value="#8e8736" />
		<color id="color.config.title.save.failed" value="#ff0000" />
		<color id="color.config.link" value="#0084ff" />
		<color id="color.config.category.title.normal" value="#69839c" />
		<color id="color.config.select" value="#0079c5"/>
		<color id="color.config.category.title.select" value="#ffffff" />
		
		<color id="system.title" value="#000000"/>
		
	</resource>
</XLUE>
