﻿<XLUE>
<resource>
	<font id="font.config.content.title.0" height="21" weight="bold" facename="defaultfont" underline="0"/>
	<font id="font.config.content.title.1" height="18" weight="bold" facename="defaultfont" underline="0" />
	<font id="font.config.content.title.2" height="14" weight="bold" facename="defaultfont" underline="0"/>
	<font id="font.config.title.save" height="16" weight="bold" facename="defaultfont" underline="0"/>
	<font id="font.config.category.title" height="14" weight="bold"  facename="defaultfont" underline="0"/>
	<font id="font.config.item.title" height="12"  facename="defaultfont" underline="0"/>
</resource>
</XLUE>
