<XLUE><resource><imagelist id="button.default.ani" splitter="1" blocksize="16" image="bitmap\imagelist.defaultbtn.seq.png"/><texture id="texture.btn.default.ani" type="ThreeInOneH" imagelist="button.default.ani" index="1"/><texture id="texture.btn.default.normal" type="ThreeInOneH" imagelist="button.default.ani" index="2"/><imagelist id="button.starttask.default.ani" splitter="1" blocksize="11" image="bitmap\imagelist.default.starttask.button.png"/><texture id="texture.starttask.btn.left.ani" type="ThreeInOneH" imagelist="button.starttask.default.ani" index="1"/><texture id="texture.starttask.btn.left.normal" type="ThreeInOneH" imagelist="button.starttask.default.ani" index="2"/><texture id="texture.starttask.btn.right.ani" type="ThreeInOneH" imagelist="button.starttask.default.ani" index="3"/><texture id="texture.starttask.btn.right.normal" type="ThreeInOneH" imagelist="button.starttask.default.ani" index="4"/><bitmap id="bitmap.icon.uac.bkg" image="bitmap\bitmap.uac.png"/><bitmap id="bitmap.download.progress.light" image="bitmap\bitmap.download.progress.light.png"/><imagelist id="bitmap.sysbtn.image" vertical="0" splitter="1" varyblock="0" blocksize="21" image="bitmap\system_button.png"/><texture id="texture.sysbtn.normal" imagelist="bitmap.sysbtn.image" index="1"/><texture id="texture.sysbtn.hover" imagelist="bitmap.sysbtn.image" index="2"/><texture id="texture.sysbtn.down" imagelist="bitmap.sysbtn.image" index="3"/><bitmap id="bitmap.sysbtn.icon.menu" imagelist="bitmap.sysbtn.image" index="4"/><bitmap id="bitmap.sysbtn.icon.min" imagelist="bitmap.sysbtn.image" index="5"/><bitmap id="bitmap.sysbtn.icon.max" imagelist="bitmap.sysbtn.image" index="6"/><bitmap id="bitmap.sysbtn.icon.exit" imagelist="bitmap.sysbtn.image" index="7"/><bitmap id="bitmap.sysbtn.icon.restore" imagelist="bitmap.sysbtn.image" index="8"/><bitmap id="bitmap.menu.line" path="bitmap\bitmap.menu.line.png"/><imagelist id="system.skinbtn.imagelist" vertical="0" splitter="1" varyblock="1" image="bitmap\imagelist.system.skinbtn.png"/><bitmap id="bitmap.sysbtn.auto.skin.second.normal" imagelist="system.skinbtn.imagelist" index="5"/><bitmap id="bitmap.sysbtn.auto.skin.first.normal" imagelist="system.skinbtn.imagelist" index="4"/><bitmap id="bitmap.sysbtn.auto.skin.first.light" imagelist="system.skinbtn.imagelist" index="3"/><bitmap id="bitmap.sysbtn.skin.normal" imagelist="system.skinbtn.imagelist" index="2"/><bitmap id="bitmap.sysbtn.skin.light" imagelist="system.skinbtn.imagelist" index="1"/><imagelist id="system.skinbtn.light.imagelist" vertical="0" splitter="1" varyblock="1" image="bitmap\imagelist.system.skinbtn.light.png"/><bitmap id="bitmap.sysbtn.auto.skin.second.light" imagelist="system.skinbtn.light.imagelist" index="2"/><imagelist id="imagelist.statusbar.plugin" vertical="0" splitter="1" varyblock="1" image="bitmap\imagelist.statusbar.plugin.png"/><texture id="statusbar.plugin.nor" type="Fill" imagelist="imagelist.statusbar.plugin" index="1"/><texture id="statusbar.plugin.hover" type="Fill" imagelist="imagelist.statusbar.plugin" index="2"/><texture id="statusbar.plugin.down" type="Fill" imagelist="imagelist.statusbar.plugin" index="3"/><imagelist id="imagelist.statusbar.extraoption.btn" vertical="0" splitter="1" varyblock="1" image="bitmap\bitmap.statusbar.extraoption.png"/><texture id="statusbar.extraoption.nor" type="Fill" imagelist="imagelist.statusbar.extraoption.btn" index="1"/><texture id="statusbar.extraoption.hover" type="Fill" imagelist="imagelist.statusbar.extraoption.btn" index="2"/><texture id="statusbar.extraoption.down" type="Fill" imagelist="imagelist.statusbar.extraoption.btn" index="3"/><bitmap id="menu.choose.status" path="bitmap\menu.choose.png"/><bitmap id="bitmap.downloadmode.intelmode" path="bitmap\bitmap.downloadmode.intelmode.png"/><texture id="texture.YellowStripe" type="ThreeInOneH" image="bitmap\YellowStripe.png"/><imagelist id="imagelist.yellowstripe.exit" vertical="0" splitter="1" varyblock="1" image="bitmap\imagelist.YellowStripe.exit.png"/><texture id="texture.yellowstripe.exit.normal" imagelist="imagelist.yellowstripe.exit" index="1"/><texture id="texture.yellowstripe.exit.hover" imagelist="imagelist.yellowstripe.exit" index="2"/><texture id="texture.yellowstripe.exit.down" imagelist="imagelist.yellowstripe.exit" index="3"/><imagelist id="imagelist.progress" vertical="0" splitter="1" varyblock="0" blocksize="10" image="bitmap\texture.progress.png"/><texture id="texture.progress.focus.full" type="ThreeInOneH" imagelist="imagelist.progress" index="2"/><texture id="texture.progress.focus.empty" type="ThreeInOneH" imagelist="imagelist.progress" index="1"/><texture id="texture.progress.unfocus.full" type="ThreeInOneH" imagelist="imagelist.progress" index="2"/><texture id="texture.progress.unfocus.empty" type="ThreeInOneH" imagelist="imagelist.progress" index="1"/><imagelist id="imagelist.Download.p2pgrade" vertical="0" splitter="1" varyblock="1" blocksize="15" image="bitmap\Download.grade.progress.png"/><texture id="Download.p2pgrade.progress.focus.empty" type="ThreeInOneH" imagelist="imagelist.Download.p2pgrade" index="1"/><texture id="Download.p2pgrade.progress.focus.full" type="ThreeInOneH" imagelist="imagelist.Download.p2pgrade" index="2"/><texture id="Download.p2pgrade.progress.unfocus.full" type="ThreeInOneH" imagelist="imagelist.Download.p2pgrade" index="3"/><texture id="texture.repeatdlg.bkg" type="NineInOne" image="bitmap\activeframe.png"/><texture id="texture.ieurlstate.bkg" type="NineInOne" image="bitmap\ieurlstate.bkg.png"/><texture id="texture.wnd.bkg" type="NineInOne" image="bitmap\texture.wnd.bkg.png"/><imagelist id="TaskInfo.Title.Icon" vertical="0" splitter="1" varyblock="0" blocksize="17" image="bitmap\basic info.icon.png"/><bitmap id="TaskInfo.Title.BasicManipulateIcon" imagelist="TaskInfo.Title.Icon" index="1"/><bitmap id="TaskInfo.Title.AttributeInfoIcon" imagelist="TaskInfo.Title.Icon" index="2"/><texture id="taskinfopanel.bkg" type="NineInOne" image="bitmap\taskinfopanel.bkg.png"/><texture id="taskinfo.tab.bkg" type="Fill" image="bitmap\basic info.tab.bkg.png"/><bitmap id="taskinfo.attr.bkg" path="bitmap\taskinfo_attr_bkg.png"/><bitmap id="taskinfo.attr.savepath.underline" path="bitmap\Underline.png"/><imagelist id="imagelist.taskinfo.tab.bkg" vertical="0" splitter="1" varyblock="1" image="bitmap\taskinfo.tab.bkg.png"/><texture id="taskinfopanel.tab.select" type="ThreeInOneH" imagelist="imagelist.taskinfo.tab.bkg" index="3"/><texture id="taskinfopanel.tab.normal" type="ThreeInOneH" imagelist="imagelist.taskinfo.tab.bkg" index="1"/><texture id="taskinfopanel.tab.hover" type="ThreeInOneH" imagelist="imagelist.taskinfo.tab.bkg" index="2"/><texture id="taskinfopanel.tab.down" type="ThreeInOneH" imagelist="imagelist.taskinfo.tab.bkg" index="3"/><bitmap id="taskinfo.tab.down.line" path="bitmap\taskinfo.tab.down.line.png"/><imagelist id="TaskInfo.Manipulatebtn" vertical="0" splitter="1" varyblock="0" blocksize="21" image="bitmap\basic info.button.png"/><texture id="TaskInfo.Manipulatebtn.Normal" type="ThreeInOneH" image="bitmap\taskinfo.manipulatebtn.normal.png"/><texture id="TaskInfo.Manipulatebtn.Hover" type="ThreeInOneH" image="bitmap\taskinfo.manipulatebtn.hover.png"/><texture id="TaskInfo.Manipulatebtn.Down" type="ThreeInOneH" image="bitmap\taskinfo.manipulatebtn.down.png"/><texture id="TaskInfo.Manipulatebtn.Disable" type="NineInOne" imagelist="TaskInfo.Manipulatebtn" index="4"/><texture id="texture.taskinfo.border.left" type="Fill" image="bitmap\taskinfo_border_left.png"/><texture id="texture.tip.sep" type="ThreeInOneH" image="bitmap\tip.sep.png"/><texture id="texture.mask.left" type="NineInOne" image="bitmap\leftmask.png"/><bitmap id="BTTaskInfo.Icon.DownloadFileByOrder.Help" path="bitmap\bt.downloadfilebyorder.help.png"/><imagelist id="BTTaskInfo.imagelist.progress" vertical="0" splitter="1" varyblock="0" blocksize="11" image="bitmap\bt.progress.png"/><texture id="texture.bt.progress.empty" type="ThreeInOneH" imagelist="BTTaskInfo.imagelist.progress" index="1"/><texture id="texture.bt.progress.full" type="ThreeInOneH" imagelist="BTTaskInfo.imagelist.progress" index="2"/><texture id="texture.listboxitem.selected.bkg" type="NineInOne" image="bitmap\bt.selected.png"/><texture id="texture.listboxitem.hover.bkg" type="NineInOne" image="bitmap\bt.hover.png"/><bitmap id="BTTaskInfo.brokenline" path="bitmap\bt.brokenline.png"/><bitmap id="BTTaskInfo.line" path="bitmap\bt.line.png"/><texture id="edit.bkg.hover" type="NineInOne" image="bitmap\edit_standard_hover.png"/><texture id="edit.bkg.normal" type="NineInOne" image="bitmap\edit_standard_normal.png"/><texture id="edit.bkg.disable" type="NineInOne" image="bitmap\edit_standard_disable.png"/><texture id="combo.item.bkg.hover" type="ThreeInOneH" image="bitmap\combo.item.hover.png"/><texture id="newtask.combo.item.bkg.hover" type="ThreeInOneH" image="bitmap\newtask.combo.item.hover.png"/><texture id="texture.activeregion.shadow" type="NineInOne" image="bitmap\activeregion.shadow.png"/><texture id="texture.msgsys.frame" type="NineInOne" image="bitmap\msgsys_frame.png"/><bitmap id="bitmap.msgsys.icon" path="bitmap\MsgSys_icon.png"/><imagelist id="imagelist.toggle.button.bkg" vertical="0" splitter="1" varyblock="1" image="bitmap\toggle_button_bkg.png"/><texture id="toggle.button.normal" type="ThreeInOneH" imagelist="imagelist.toggle.button.bkg" index="1"/><texture id="toggle.button.hover" type="ThreeInOneH" imagelist="imagelist.toggle.button.bkg" index="2"/><texture id="toggle.button.down" type="ThreeInOneH" imagelist="imagelist.toggle.button.bkg" index="3"/><texture id="toggle.button.hollow" type="ThreeInOneH" imagelist="imagelist.toggle.button.bkg" index="4"/><imagelist id="imagelist.general.button.bkg" vertical="0" splitter="1" varyblock="1" image="bitmap\general.button.bkg.png"/><texture id="general.button.normal" type="ThreeInOneH" imagelist="imagelist.general.button.bkg" index="1"/><texture id="general.button.down" type="ThreeInOneH" imagelist="imagelist.general.button.bkg" index="3"/><texture id="general.button.hover" type="ThreeInOneH" imagelist="imagelist.general.button.bkg" index="2"/><texture id="general.button.disable" type="ThreeInOneH" imagelist="imagelist.general.button.bkg" index="4"/><texture id="siamese.button.left.normal" type="ThreeInOneH" imagelist="imagelist.general.button.bkg" index="5"/><texture id="siamese.button.left.hover" type="ThreeInOneH" imagelist="imagelist.general.button.bkg" index="6"/><texture id="siamese.button.left.down" type="ThreeInOneH" imagelist="imagelist.general.button.bkg" index="7"/><texture id="siamese.button.left.disable" type="ThreeInOneH" imagelist="imagelist.general.button.bkg" index="8"/><texture id="siamese.button.right.normal" type="ThreeInOneH" imagelist="imagelist.general.button.bkg" index="9"/><texture id="siamese.button.right.hover" type="ThreeInOneH" imagelist="imagelist.general.button.bkg" index="10"/><texture id="siamese.button.right.down" type="ThreeInOneH" imagelist="imagelist.general.button.bkg" index="11"/><texture id="siamese.button.right.disable" type="ThreeInOneH" imagelist="imagelist.general.button.bkg" index="12"/><bitmap id="bitmap.btn.light" path="bitmap\btn.light.png"/><bitmap id="siamese.button.spliter" imagelist="imagelist.general.button.bkg" index="13"/><bitmap id="bitmap.btn.arrow" path="bitmap\bitmap.btn.arrow.png"/><bitmap id="general.button.light" path="bitmap\btn.light.png"/><texture id="texture.mask.btn" type="ThreeInOneH" image="bitmap/mask.btn.png"/><imagelist id="TaskBasicInfo.Detection.Arrows" vertical="0" splitter="1" varyblock="1" image="bitmap\TaskBasicInfo.Arrow.png"/><bitmap id="TaskBasicInfo.detection.Arrows.Down" imagelist="TaskBasicInfo.Detection.Arrows" index="1"/><bitmap id="TaskBasicInfo.detection.Arrows.Up" imagelist="TaskBasicInfo.Detection.Arrows" index="2"/><texture id="bkg.light.left" type="NineInOne" image="bitmap\bkg.light.left.png"/><texture id="bkg.light.right" type="ThreeInOneV" image="bitmap\bkg.light.right.png"/><texture id="bkg.sliderbar" type="Fill" image="bitmap\sliderbar.bkg.png"/><imagelist id="sliderbar.btn" vertical="0" splitter="1" varyblock="1" image="bitmap\sliderbar.btn.png"/><texture id="sliderbar.btn.normal" imagelist="sliderbar.btn" index="8"/><texture id="sliderbar.btn.hover" imagelist="sliderbar.btn" index="7"/><texture id="sliderbar.btn.down" imagelist="sliderbar.btn" index="9"/><bitmap id="progress.light.bkg" path="bitmap\progress.light.png"/><imagelist id="progress.bkg" vertical="0" splitter="1" varyblock="1" image="bitmap\progress.png"/><texture id="progress.empty" type="ThreeInOneH" imagelist="progress.bkg" index="1"/><texture id="progress.full" type="ThreeInOneH" imagelist="progress.bkg" index="2"/><imagelist id="imagelist.notify.bkg" vertical="0" splitter="1" varyblock="1" image="bitmap\imagelist.notify.bkg.png"/><texture id="texture.notify.bkg.red" type="ThreeInOneH" imagelist="imagelist.notify.bkg" index="2"/><texture id="texture.notify.bkg.green" type="ThreeInOneH" imagelist="imagelist.notify.bkg" index="1"/><texture id="texture.notify.bkg.yellow" type="ThreeInOneH" imagelist="imagelist.notify.bkg" index="3"/><texture id="texture.notify.bkg.p2p" type="ThreeInOneH" image="bitmap\texture.notify.bkg.p2p.png"/><imagelist id="imagelist.notify.btn.bkg" vertical="0" splitter="1" varyblock="1" image="bitmap\imagelist.notify.close.btn.png"/><texture id="texture.notify.btn.red.normal" imagelist="imagelist.notify.btn.bkg" index="4"/><texture id="texture.notify.btn.red.hover" imagelist="imagelist.notify.btn.bkg" index="5"/><texture id="texture.notify.btn.red.down" imagelist="imagelist.notify.btn.bkg" index="6"/><texture id="texture.notify.btn.green.normal" imagelist="imagelist.notify.btn.bkg" index="1"/><texture id="texture.notify.btn.green.hover" imagelist="imagelist.notify.btn.bkg" index="2"/><texture id="texture.notify.btn.green.down" imagelist="imagelist.notify.btn.bkg" index="3"/><texture id="texture.notify.btn.p2p.normal" imagelist="imagelist.notify.btn.bkg" index="7"/><texture id="texture.notify.btn.p2p.hover" imagelist="imagelist.notify.btn.bkg" index="8"/><texture id="texture.notify.btn.p2p.down" imagelist="imagelist.notify.btn.bkg" index="9"/><texture id="notify.underline" type="Fill" image="bitmap\notify.underline.png"/><imagelist id="imagelist.xldt.progress" splitter="1" vertical="0" varyblock="1" image="bitmap\progress_bkg.png"/><texture id="texture.xldt.progressbkg.bkg" type="ThreeInOneH" imagelist="imagelist.xldt.progress" index="1"/><texture id="texture.xldt.progressbkg.bord" type="ThreeInOneH" imagelist="imagelist.xldt.progress" index="2"/><texture id="DownloadPipe.line" imagelist="imagelist.config.line" index="1"/><bitmap id="Download.Speedup.Item.Bkg" path="bitmap\Download.Speedup.Item.Bkg.png"/><imagelist id="bitmap.DownloadPipe.image" vertical="0" splitter="1" varyblock="1" image="bitmap\SpeedupState.png"/><bitmap id="DownloadPipe.green.state" imagelist="bitmap.DownloadPipe.image" index="1"/><bitmap id="DownloadPipe.red.state" imagelist="bitmap.DownloadPipe.image" index="2"/><bitmap id="DownloadPipe.gray.state" imagelist="bitmap.DownloadPipe.image" index="3"/><imagelist id="bitmap.Download.SpeedTest.image" vertical="0" splitter="1" varyblock="1" image="bitmap\imaglist.speeupstate.png"/><bitmap id="DownloadPipe.TestSpeed.busing.state" imagelist="bitmap.Download.SpeedTest.image" index="1"/><bitmap id="DownloadPipe.TestSpeed.ok.state" imagelist="bitmap.Download.SpeedTest.image" index="2"/><imagelist id="imagelist.doctor.btn" vertical="0" splitter="1" varyblock="1" blocksize="15" image="bitmap\doctor_btn.png"/><texture id="texture.doctor.btn.nor" type="ThreeInOneH" imagelist="imagelist.doctor.btn" index="1"/><texture id="texture.doctor.btn.hover" type="ThreeInOneH" imagelist="imagelist.doctor.btn" index="2"/><texture id="texture.doctor.btn.down" type="ThreeInOneH" imagelist="imagelist.doctor.btn" index="3"/><bitmap id="bitmap.doctor.btn.pic" type="Fill" path="bitmap\doctor.btn.pic.png"/><imagelist id="imagelist.doctor.close" vertical="0" splitter="1" varyblock="1" image="bitmap\doctor_close.png"/><texture id="texture.doctor.close.nor" imagelist="imagelist.doctor.close" index="1"/><texture id="texture.doctor.close.hover" imagelist="imagelist.doctor.close" index="2"/><texture id="texture.doctor.close.down" imagelist="imagelist.doctor.close" index="3"/><texture id="static.frame" drop="100" type="NineInOne" image="bitmap\static.frame.png"/><texture id="static.frame.line" type="Fill" image="bitmap\static.frame.line.png"/><bitmap id="web.error.big.img" path="bitmap\web.error.img.big.png"/><bitmap id="web.error.small.img" path="bitmap\web.error.img.small.png"/><texture id="web.error.bubble" type="NineInOne" image="bitmap\web.error.bubble.png"/><texture id="taskinfo.header.bkg" type="NineInOne" image="bitmap\taskinfo.header.bkg.png"/><imagelist id="imagelist.webloading" splitter="1" vertical="0" varyblock="0" blocksize="40" image="bitmap\webloading.png"/><imageseq id="web.loading" imagelist="imagelist.webloading"/><imagelist id="imagelist.bt_exe_task.icon" vertical="0" splitter="1" varyblock="1" image="bitmap\bt_exe_icon.png"/><bitmap id="bitmap.tasklist.exe_task.icon" imagelist="imagelist.bt_exe_task.icon" index="1"/><bitmap id="bitmap.tasklist.bt_task_icon" imagelist="imagelist.bt_exe_task.icon" index="2"/><bitmap id="bitmap.tasklist.bt_list_icon" path="bitmap\bt_list_icon.png"/><imagelist id="imagelist.bt_exe_task.small.icon" vertical="0" splitter="1" varyblock="1" image="bitmap\bt_exe_small_icon.png"/><bitmap id="bitmap.tasklist.exe_task.small.icon" imagelist="imagelist.bt_exe_task.small.icon" index="2"/><bitmap id="bitmap.tasklist.bt_task.small.icon" imagelist="imagelist.bt_exe_task.small.icon" index="1"/><bitmap id="msgsys.warn" path="bitmap\msgsys_warn.png"/><texture id="bitmap.privatetip.bkg" type="NineInOne" path="bitmap\privatetip.bkg.png"/><bitmap id="bitmap.privatetip.title" path="bitmap\privatetip.title.png"/><bitmap id="bitmap.privatetip.alarm" path="bitmap\private.alarm.png"/><imagelist id="imagelist.btlist.expand.unexpand.button" splitter="1" vertical="0" varyblock="0" blocksize="13" image="bitmap\bt_list_expand_unexpand_icon.png"/><bitmap id="bitmap.btlist.expand.button.bkg.normal" imagelist="imagelist.btlist.expand.unexpand.button" index="1"/><bitmap id="bitmap.btlist.expand.button.bkg.hover" imagelist="imagelist.btlist.expand.unexpand.button" index="2"/><bitmap id="bitmap.btlist.expand.button.bkg.down" imagelist="imagelist.btlist.expand.unexpand.button" index="3"/><bitmap id="bitmap.btlist.unexpand.button.bkg.normal" imagelist="imagelist.btlist.expand.unexpand.button" index="4"/><bitmap id="bitmap.btlist.unexpand.button.bkg.down" imagelist="imagelist.btlist.expand.unexpand.button" index="5"/><bitmap id="bitmap.btlist.unexpand.button.bkg.hover" imagelist="imagelist.btlist.expand.unexpand.button" index="6"/><imagelist id="imagelist.DirectOpenFile.ani" splitter="1" vertical="0" varyblock="0" blocksize="137" image="bitmap\imagelist.DirectOpenFile.ani.png"/><imageseq id="DirectOpenFile.ani" imagelist="imagelist.DirectOpenFile.ani"/><imagelist id="imagelist.notify.area.small.icon" vertical="0" splitter="1" varyblock="1" image="bitmap\notify.area.small.icon.list.png"/><bitmap id="notify.area.small.icon.bt" imagelist="imagelist.notify.area.small.icon" index="1"/><bitmap id="notify.area.small.icon.exe" imagelist="imagelist.notify.area.small.icon" index="2"/><texture id="notify.area.total.speed.bkg" type="ThreeInOneH" image="bitmap\notify.area.total.speed.bkg.png"/><texture id="notify.area.line" type="Fill" image="bitmap\notify.area.line.png"/><texture id="notify.area.no.task.text.bkg" type="NineInOne" image="bitmap\notify.area.no.task.text.bkg.png"/><imagelist id="imagelist.wallper.skin.tip.close" vertical="0" splitter="1" varyblock="1" image="bitmap\imagelist.wallper.skin.tip.close.png"/><bitmap id="imagelist.wallper.skin.tip.close.normal" imagelist="imagelist.wallper.skin.tip.close" index="1"/><bitmap id="imagelist.wallper.skin.tip.close.hover" imagelist="imagelist.wallper.skin.tip.close" index="2"/><bitmap id="imagelist.wallper.skin.tip.close.down" imagelist="imagelist.wallper.skin.tip.close" index="3"/><imagelist id="imagelist.urlstate_close.close" splitter="1" vertical="0" varyblock="0" blocksize="11" image="bitmap\urlstate_close.png"/><bitmap id="bitmap.urlstate_close.close.normal" imagelist="imagelist.urlstate_close.close" index="1"/><bitmap id="bitmap.urlstate_close.close.hover" imagelist="imagelist.urlstate_close.close" index="2"/><bitmap id="bitmap.urlstate_close.close.down" imagelist="imagelist.urlstate_close.close" index="3"/><imagelist id="imagelist.tasklist.header.bkg" vertical="0" splitter="1" varyblock="1" image="bitmap\imagelist.tasklist.header.bkg.png"/><texture id="texture.tasklist.header.bkg.normal" type="ThreeInOneH" imagelist="imagelist.tasklist.header.bkg" index="1"/><texture id="texture.tasklist.header.bkg.hover" type="ThreeInOneH" imagelist="imagelist.tasklist.header.bkg" index="2"/><texture id="texture.tasklist.header.bkg.down" type="ThreeInOneH" imagelist="imagelist.tasklist.header.bkg" index="3"/><texture id="texture.tasklist.header.bkg" type="Fill" image="bitmap\list_header_bkg.png"/><bitmap id="bitmap.taskinfopanel.link" path="bitmap\bitmap.taskinfopanel.link.png"/><bitmap id="bitmap.tabctrl.arrow" path="bitmap\bitmap.tabctrl.arrow.png"/><bitmap id="bitmap.tabctrl.arrow.damn" path="bitmap\bitmap.tabctrl.arrow.damn.png"/><bitmap id="hotspot.ani.bkg" path="bitmap\hotspot.ani.bkg.png"/><texture id="mask.hotspot.ani" type="NineInOne" image="bitmap\mask.hotspot.ani.png"/><texture id="taskinfopanel.telecom.bkg" type="Fill" image="bitmap\taskinfopanel_telecom_bkg.png"/><imagelist id="imagelist.tip.setting" vertical="0" splitter="1" varyblock="1" image="bitmap\imagelist.tip.setting.png"/><bitmap id="bitmap.tip.setting.normal" imagelist="imagelist.tip.setting" index="1"/><bitmap id="bitmap.tip.setting.hover" imagelist="imagelist.tip.setting" index="2"/><bitmap id="bitmap.tip.setting.down" imagelist="imagelist.tip.setting" index="3"/><bitmap id="bitmap.config.tip" path="bitmap\config.tip.png"/><bitmap id="bitmap.antidisturb.tip" path="bitmap\antidisturb.tip.png"/><imagelist id="system.skin.new.imagelist" vertical="0" splitter="1" varyblock="0" blocksize="25" image="bitmap\imagelist.system.skinnew.png"/><imageseq id="SkinNew.ani" imagelist="system.skin.new.imagelist"/><texture id="InstallSkin.Progress.Bkg" type="ThreeInOneH" image="bitmap\InstallSkin.Progress.Bkg.png"/><imagelist id="imagelist.InstallSkin.Progress.close" splitter="1" vertical="0" blocksize="9" varyblock="0" image="bitmap\imagelist.install.skin.close.png"/><bitmap id="InstallSkin.Progress.close.nor" imagelist="imagelist.InstallSkin.Progress.close" index="1"/><bitmap id="InstallSkin.Progress.close.hov" imagelist="imagelist.InstallSkin.Progress.close" index="2"/><bitmap id="InstallSkin.Progress.close.down" imagelist="imagelist.InstallSkin.Progress.close" index="3"/><texture id="texture.app.bkg" type="ThreeInOneH" path="bitmap\texture.app.bkg.png"/><texture id="texture.features.bkg" type="ThreeInOneH" path="bitmap\texture.features.bkg.png"/><texture id="texture.mainwnd.topbkg" type="ThreeInOneH" image="bitmap\topbkg.png"/><texture id="thunder.mainwnd.border.line" type="NineInOne" image="bitmap\texture.mainwnd.border.line.png"/><imagelist id="list.thunder.arrow" vertical="0" splitter="1" varyblock="0" blocksize="9" image="bitmap\thunder.arrow.png"/><bitmap id="thunder.arrow.normal" imagelist="list.thunder.arrow" index="1"/><bitmap id="thunder.arrow.hover" imagelist="list.thunder.arrow" index="2"/><bitmap id="thunder.arrow.down" imagelist="list.thunder.arrow" index="3"/><imagelist id="list.thunder.loading.img" vertical="0" splitter="1" varyblock="1" image="bitmap\thunder.loading.img.png"/><bitmap id="thunder.loading.empty" imagelist="list.thunder.loading.img" index="1"/><bitmap id="thunder.loading.full" imagelist="list.thunder.loading.img" index="2"/><imagelist id="list.thunder.loading.light.small" vertical="0" splitter="1" varyblock="1" image="bitmap\thunder.loading.light.small.png"/><bitmap id="thunder.loading.light.small.zero" imagelist="list.thunder.loading.light.small" index="1"/><bitmap id="thunder.loading.light.small" imagelist="list.thunder.loading.light.small" index="2"/><imagelist id="list.thunder.loading.light.big" vertical="0" splitter="1" varyblock="1" image="bitmap\thunder.loading.light.big.png"/><bitmap id="thunder.loading.light.big.zero" imagelist="list.thunder.loading.light.big" index="1"/><bitmap id="thunder.loading.light.big" imagelist="list.thunder.loading.light.big" index="2"/><bitmap id="bitmap.private.taskmgr" path="bitmap\private.taskmgr.png"/><texture id="texture.mainwnd.schemename.tip.bkg" type="NineInOne" image="bitmap\texture.mainwnd.schemename.tip.bkg.png"/><imagelist id="imagelist.schemename.tip.close" splitter="1" vertical="0" blocksize="11" varyblock="0" image="bitmap\texture.mainwnd.schemename.tip.close.png"/><bitmap id="schemename.close.btn.normal" imagelist="imagelist.schemename.tip.close" index="1"/><bitmap id="schemename.close.btn.hover" imagelist="imagelist.schemename.tip.close" index="2"/><bitmap id="schemename.close.btn.down" imagelist="imagelist.schemename.tip.close" index="3"/><bitmap id="thunder.small.icon" path="bitmap\thunder.small.icon.png"/><imagelist id="skinpanel.bitmap.export" vertical="0" splitter="1" varyblock="1" image="bitmap\skinpanel.bitmap.export.png"/><bitmap id="skinpanel.bitmap.export.normal" imagelist="skinpanel.bitmap.export" index="1"/><bitmap id="skinpanel.bitmap.export.disable" imagelist="skinpanel.bitmap.export" index="2"/><bitmap id="skinpanel.bitmap.setdesktop.normal" imagelist="skinpanel.bitmap.export" index="3"/><bitmap id="skinpanel.bitmap.setdesktop.disable" imagelist="skinpanel.bitmap.export" index="4"/><imagelist id="skinpanel.bitmap.desktop.wallper" vertical="0" splitter="1" varyblock="1" image="bitmap\skinpanel.bitmap.desktop.wallper.png"/><bitmap id="skinpanel.bitmap.desktop.wallper.normal" imagelist="skinpanel.bitmap.desktop.wallper" index="1"/><bitmap id="skinpanel.bitmap.desktop.wallper.disable" imagelist="skinpanel.bitmap.desktop.wallper" index="2"/><bitmap id="bitmap.smartdown.sign" path="bitmap\smartdown.sign.png"/><bitmap id="smartdown.small.icon" path="bitmap\smartdown.small.icon.png"/><font id="smartdown.title.font" height="14" facename="defaultfont"/><color id="smartdown.text.color" value="#878787"/><bitmap id="bitmap.privatespace.small" path="bitmap\bitmap.privatespace.small.png"/><bitmap id="bitmap.privatespace.small.unlock" path="bitmap\bitmap.privatespace.small.unlock.png"/><bitmap id="bitmap.privatespace.big" path="bitmap\bitmap.privatespace.big.png"/><bitmap id="bitmap.privatespace.textbkg" path="bitmap\bitmap.privatespace.textbkg.png"/><texture id="texture.privatespace.tip.bkg" type="NineInOne" image="bitmap\texture.privatespace.tip.bkg.png"/><texture id="texture.richmedia.bkg" type="NineInOne" image="thunder_bitmap\texture.richmedia.bkg.png"/><imagelist id="imagelist.vipdownload.entrance.btn.bkg" vertical="0" splitter="1" varyblock="1" image="bitmap\vipdownload.entrence.btn.png"/><texture id="texture.vipdownload.entrance.btn.bkg.normal" type="ThreeInOneH" imagelist="imagelist.vipdownload.entrance.btn.bkg" index="1"/><texture id="texture.vipdownload.entrance.btn.bkg.hover" type="ThreeInOneH" imagelist="imagelist.vipdownload.entrance.btn.bkg" index="2"/><texture id="texture.vipdownload.entrance.btn.bkg.down" type="ThreeInOneH" imagelist="imagelist.vipdownload.entrance.btn.bkg" index="3"/><texture id="texture.vipdownload.entrance.btn.bkg.disable" type="ThreeInOneH" imagelist="imagelist.vipdownload.entrance.btn.bkg" index="4"/><imagelist id="imagelist.netflowprotect.logo" vertical="0" splitter="1" varyblock="1" image="thunder_bitmap\bitmap.netflowprotect.logo.png"/><bitmap id="bitmap.netflowprotect.web" imagelist="imagelist.netflowprotect.logo" index="1"/><bitmap id="bitmap.netflowprotect.video" imagelist="imagelist.netflowprotect.logo" index="2"/><bitmap id="bitmap.netflowprotect.game" imagelist="imagelist.netflowprotect.logo" index="3"/><bitmap id="bitmap.netflowprotect.mail" imagelist="imagelist.netflowprotect.logo" index="4"/><bitmap id="bitmap.netflowmode.moremenu" path="thunder_bitmap\bitmap.netflowmode.moremenu.png"/><bitmap id="bitmap.netflowmode.intro" path="thunder_bitmap\bitmap.netflowmode.intro.png"/><bitmap id="bitmap.netflowmode.protectmode" path="thunder_bitmap\bitmap.netflowprotect.protectmode.png"/><texture id="texture.netflowprotect.config.border" type="NineInOne" image="thunder_bitmap\texture.netflowprotect.config.border.png"/><bitmap id="bitmap.netflowprotect.config.spilter" path="thunder_bitmap\bitmap.netflowprotect.config.spilter.png"/><bitmap id="bitmap.privatespacecontainer.bkg" path="thunder_bitmap\bitmap.privatespacecontain.bkg.png"/><texture id="bitmap.privatespacecontainer.progress.empty" type="ThreeInOneH" image="thunder_bitmap\bitmap.privatespacecontain.empty.png"/><texture id="bitmap.privatespacecontainer.progress.green" type="ThreeInOneH" image="thunder_bitmap\bitmap.privatespacecontain.green.png"/><texture id="bitmap.privatespacecontainer.progress.yellow" type="ThreeInOneH" image="thunder_bitmap\bitmap.privatespacecontain.yellow.png"/><texture id="bitmap.privatespacecontainer.progress.red" type="ThreeInOneH" image="thunder_bitmap\bitmap.privatespacecontain.red.png"/><imagelist id="bitmap.privatespacecontainer.downarrow" vertical="0" splitter="1" varyblock="1" image="thunder_bitmap\bitmap.privatespacecontain.downarrow.png"/><bitmap id="bitmap.privatespacecontainer.downarrow.normal" imagelist="bitmap.privatespacecontainer.downarrow" index="1"/><bitmap id="bitmap.privatespacecontainer.downarrow.hover" imagelist="bitmap.privatespacecontainer.downarrow" index="2"/><bitmap id="bitmap.privatespacecontainer.downarrow.down" imagelist="bitmap.privatespacecontainer.downarrow" index="3"/><imagelist id="bitmap.privatespacecontainer.uparrow" vertical="0" splitter="1" varyblock="1" image="thunder_bitmap\bitmap.privatespacecontain.uparrow.png"/><bitmap id="bitmap.privatespacecontainer.uparrow.normal" imagelist="bitmap.privatespacecontainer.uparrow" index="1"/><bitmap id="bitmap.privatespacecontainer.uparrow.hover" imagelist="bitmap.privatespacecontainer.uparrow" index="2"/><bitmap id="bitmap.privatespacecontainer.uparrow.down" imagelist="bitmap.privatespacecontainer.uparrow" index="3"/><imagelist id="imagelist.privatespacecontainer.smallbkg" vertical="0" splitter="1" varyblock="1" image="thunder_bitmap\imagelist.privatespacecontain.smallbkg.png"/><bitmap id="bitmap.privatespacecontainer.smallbkg.normal" imagelist="imagelist.privatespacecontainer.smallbkg" index="1"/><bitmap id="bitmap.privatespacecontainer.smallbkg.hover" imagelist="imagelist.privatespacecontainer.smallbkg" index="2"/><bitmap id="bitmap.privatespacecontainer.smallbkg.down" imagelist="imagelist.privatespacecontainer.smallbkg" index="3"/><bitmap id="bitmap.privatecontainer.openvipdlgbkg" path="thunder_bitmap\bitmap.privatecontainer.openvipdlgbkg.png"/><bitmap id="bitmap.privatecontainer.openvipdlglogo" path="thunder_bitmap\bitmap.privatecontainer.openvipdlglogo.png"/><imagelist id="bitmap.privatecontainer.openvipdlgexit" vertical="0" splitter="1" varyblock="1" image="thunder_bitmap\bitmap.privatecontainer.openvipdlgexit.png"/><texture id="bitmap.privatecontainer.openvipdlgexit.normal" imagelist="bitmap.privatecontainer.openvipdlgexit" index="1"/><texture id="bitmap.privatecontainer.openvipdlgexit.hover" imagelist="bitmap.privatecontainer.openvipdlgexit" index="2"/><texture id="bitmap.privatecontainer.openvipdlgexit.down" imagelist="bitmap.privatecontainer.openvipdlgexit" index="3"/><imagelist id="bitmap.privatecontainer.openvipbutton" vertical="0" splitter="1" blocksize="113" image="thunder_bitmap\bitmap.privatecontainer.openvipbutton.png"/><texture id="bitmap.privatecontainer.openvipbutton.normal" imagelist="bitmap.privatecontainer.openvipbutton" index="1"/><texture id="bitmap.privatecontainer.openvipbutton.hover" imagelist="bitmap.privatecontainer.openvipbutton" index="2"/><imagelist id="bitmap.private.tip.iknown" vertical="0" splitter="1" blocksize="76" image="bitmap\Private.iKnown.list.png"/><bitmap id="bitmap.private.tip.iknown.normal" imagelist="bitmap.private.tip.iknown" index="1"/><bitmap id="bitmap.private.tip.iknown.hover" imagelist="bitmap.private.tip.iknown" index="2"/><bitmap id="bitmap.private.tip.iknown.down" imagelist="bitmap.private.tip.iknown" index="3"/><bitmap id="bitmap.tips.warning.icon.infomation" path="bitmap\Private.encrypt.Warning.png"/><imagelist id="bitmap.speed.proctected.show.tip.enter" vertical="0" splitter="1" blocksize="104" image="bitmap\bitmap.speed.proctected.show.tip.enter.png"/><bitmap id="bitmap.speed.proctected.show.tip.enter.normal" imagelist="bitmap.speed.proctected.show.tip.enter" index="1"/><bitmap id="bitmap.speed.proctected.show.tip.enter.hover" imagelist="bitmap.speed.proctected.show.tip.enter" index="2"/><bitmap id="bitmap.speed.proctected.show.tip.enter.down" imagelist="bitmap.speed.proctected.show.tip.enter" index="3"/><texture id="Warper.pluginpanel.tip.bkg" type="NineInOne" image="bitmap\Warper.tip.bkg.png"/><bitmap id="bitmap.reportinfotip" path="thunder_bitmap\reportinfotip.png"/><imagelist id="QRCode.SetupPhoneThunder" vertical="0" splitter="1" varyblock="1" image="bitmap\QRSetupPhoneThunder.png"/><texture id="QRCode.SetupPhoneThunder.bkg.normal" type="ThreeInOneH" imagelist="QRCode.SetupPhoneThunder" index="1"/><texture id="QRCode.SetupPhoneThunder.bkg.hover" type="ThreeInOneH" imagelist="QRCode.SetupPhoneThunder" index="2"/><texture id="QRCode.SetupPhoneThunder.bkg.down" type="ThreeInOneH" imagelist="QRCode.SetupPhoneThunder" index="3"/><bitmap id="bitmap.QRCodePic" path="bitmap\QRCodePic.png"/><bitmap id="bitmap.QRCodeMiddlePic" path="bitmap\QRCodeMiddlePic.png"/><texture id="bitmap.QRCodeBorder" type="NineInOne" path="bitmap\QRCodeBorder.png"/><texture id="bitmap.QRCodeMiddleBkg" type="NineInOne" path="bitmap\QRCodeMiddleBkg.png"/><imagelist id="imagelist.newtask.foldup" vertical="0" splitter="1" blocksize="24" image="thunder_bitmap\imagelist.newtask.foldup.png"/><texture id="bitmap.newtask.foldup.normal" imagelist="imagelist.newtask.foldup" index="1"/><texture id="bitmap.newtask.foldup.hover" imagelist="imagelist.newtask.foldup" index="2"/><texture id="bitmap.newtask.foldup.down" imagelist="imagelist.newtask.foldup" index="3"/><imagelist id="imagelist.newtask.unfolddown" vertical="0" splitter="1" blocksize="24" image="thunder_bitmap\imagelist.newtask.unfolddown.png"/><texture id="bitmap.newtask.unfolddown.normal" imagelist="imagelist.newtask.unfolddown" index="1"/><texture id="bitmap.newtask.unfolddown.hover" imagelist="imagelist.newtask.unfolddown" index="2"/><texture id="bitmap.newtask.unfolddown.down" imagelist="imagelist.newtask.unfolddown" index="3"/><imagelist id="imagelist.newtask.hide" vertical="0" splitter="1" blocksize="6" image="thunder_bitmap\imagelist.newtask.hide.png"/><texture id="bitmap.newtask.hide.normal" imagelist="imagelist.newtask.hide" index="1"/><texture id="bitmap.newtask.hide.hover" imagelist="imagelist.newtask.hide" index="2"/><texture id="bitmap.newtask.hide.down" imagelist="imagelist.newtask.hide" index="3"/><imagelist id="imagelist.newtask.show" vertical="0" splitter="1" blocksize="6" image="thunder_bitmap\imagelist.newtask.show.png"/><texture id="bitmap.newtask.show.normal" imagelist="imagelist.newtask.show" index="1"/><texture id="bitmap.newtask.show.hover" imagelist="imagelist.newtask.show" index="2"/><texture id="bitmap.newtask.show.down" imagelist="imagelist.newtask.show" index="3"/><bitmap id="bitmap.QR.Fail" image="bitmap\QR.Fail.png"/></resource></XLUE>