<XLUE><resource><imagelist id="imagelist.userimage.frame" vertical="0" splitter="1" blocksize="62" varyblock="0" image="community\userimage.frame.png"/><bitmap id="bitmap.userimage.frame.normal" imagelist="imagelist.userimage.frame" index="1"/><bitmap id="bitmap.userimage.frame.hover" imagelist="imagelist.userimage.frame" index="2"/><imagelist id="imagelist.userimage.unlogin" vertical="0" splitter="1" blocksize="60" varyblock="1" image="community\userimage.unlogin.png"/><bitmap id="bitmap.userimage.unlogin.normal" imagelist="imagelist.userimage.unlogin" index="1"/><bitmap id="bitmap.userimage.unlogin.hover" imagelist="imagelist.userimage.unlogin" index="2"/><texture id="texture.login.error" type="Stretch" image="community\login.error.png"/><bitmap id="bitmap.userlogo.default" path="community\loginpanel.userlogo.default.png"/><texture id="texture.btn.cancellogin.normal" type="ThreeInOneH" image="community\loginpanel.btn.cancellogin_nor.png"/><texture id="texture.btn.cancellogin.down" type="ThreeInOneH" image="community\loginpanel.btn.cancellogin_down.png"/><texture id="texture.btn.cancellogin.hover" type="ThreeInOneH" image="community\loginpanel.btn.cancellogin_hover.png"/><imagelist id="imagelist.VIP.Arrow" vertical="0" splitter="1" varyblock="1" image="community\loginpanel.img.viparrow.png"/><bitmap id="bitmap.VipArrow.Enable" imagelist="imagelist.VIP.Arrow" index="1"/><bitmap id="bitmap.VipArrow.Disable" imagelist="imagelist.VIP.Arrow" index="2"/><imagelist id="imagelist.VIP.level" vertical="0" splitter="1" varyblock="1" image="community\loginpanel.img.viplevel.png"/><bitmap id="VIP0" imagelist="imagelist.VIP.level" index="1"/><bitmap id="VIP1" imagelist="imagelist.VIP.level" index="2"/><bitmap id="VIP2" imagelist="imagelist.VIP.level" index="3"/><bitmap id="VIP3" imagelist="imagelist.VIP.level" index="4"/><bitmap id="VIP4" imagelist="imagelist.VIP.level" index="5"/><bitmap id="VIP5" imagelist="imagelist.VIP.level" index="6"/><bitmap id="VIP6" imagelist="imagelist.VIP.level" index="7"/><bitmap id="bitmap.loginpanel.experience.vip" path="community\experience.vip.png"/><imagelist id="imagelist.pulldown.btn" vertical="0" splitter="1" varyblock="1" image="community\Pulldown.btn.png"/><bitmap id="bitmap.pulldown.normal" imagelist="imagelist.pulldown.btn" index="1"/><bitmap id="bitmap.pulldown.hover" imagelist="imagelist.pulldown.btn" index="2"/><bitmap id="bitmap.pulldown.down" imagelist="imagelist.pulldown.btn" index="3"/><texture id="texture.progress.background" type="ThreeInOneH" image="community\user.progress.background.png"/><texture id="texture.progress.foreground" type="ThreeInOneH" image="community\user.progress.foreground.png"/><bitmap id="dologin.titleicon" path="community\dologin.titleicon.png"/><texture id="dologin.titleicon.texture" type="ThreeInOneH" image="community\dologin.titleicon.png"/><bitmap id="dologin.privatespace.icon" path="community\private_space.png"/><texture id="dologin.privatespace.texture" type="ThreeInOneH" image="community\private_space.png"/><texture id="bitmap.userinfopanel.bkg" type="NineInOne" image="community\userinfo.panel.bk.png"/><texture id="bitmap.userinfopanel.border" type="NineInOne" image="community\userinfopanel.border.png"/><bitmap id="bitmap.userinfopanel.line" path="community\userinfopanel.line.png"/><imagelist id="imagelist.userlevel.logo" vertical="0" splitter="1" varyblock="1" image="community\vip.member.png"/><bitmap id="bitmap.userlevel.crown" imagelist="imagelist.userlevel.logo" index="1"/><bitmap id="bitmap.userlevel.sun" imagelist="imagelist.userlevel.logo" index="2"/><bitmap id="bitmap.userlevel.moon" imagelist="imagelist.userlevel.logo" index="3"/><bitmap id="bitmap.userlevel.star" imagelist="imagelist.userlevel.logo" index="4"/><bitmap id="bitmap.userinfo.vip" path="community\userinfo.vip.png"/><bitmap id="bitmap.userinfo.normal" path="community\userinfo.normal.png"/><bitmap id="bitmap.userinfo.cash" path="community\cash.png"/><imagelist id="imagelist.achievement.arrows" vertical="0" splitter="1" varyblock="1" image="community\userinfopanel.achievement.arrows.png"/><bitmap id="bitmap.achievement.arrows.left.normal" imagelist="imagelist.achievement.arrows" index="1"/><bitmap id="bitmap.achievement.arrows.left.hover" imagelist="imagelist.achievement.arrows" index="2"/><bitmap id="bitmap.achievement.arrows.right.normal" imagelist="imagelist.achievement.arrows" index="3"/><bitmap id="bitmap.achievement.arrows.right.hover" imagelist="imagelist.achievement.arrows" index="4"/><imagelist id="imagelist.vip.progress" vertical="0" splitter="1" varyblock="1" image="community\vip.progress.png"/><bitmap id="bitmap.vip" imagelist="imagelist.vip.progress" index="1"/><bitmap id="bitmap.normal" imagelist="imagelist.vip.progress" index="2"/><imagelist id="imagelist.community.ani.logining" splitter="1" vertical="0" blocksize="50" varyblock="0" image="community\USER_PANEL_LOGINING.png"/><imageseq id="seqframeani.community.ani.logining" imagelist="imagelist.community.ani.logining"/><imagelist id="imagelist.community.ani.logining.text" splitter="1" vertical="0" blocksize="39" varyblock="0" image="community\USER_PANEL_LOGINING_TEXT.png"/><imageseq id="seqframeani.community.ani.logining.text" imagelist="imagelist.community.ani.logining.text"/><imagelist id="imagelist.community.ani.logining.click" splitter="1" vertical="0" blocksize="75" varyblock="0" image="community\USER_PANEL_CLICK_LOGIN.png"/><imageseq id="seqframeani.community.ani.logining.click" imagelist="imagelist.community.ani.logining.click"/><bitmap id="bitmap.residual.vip.bkg" path="community\residual.vip.bkg.png"/><bitmap id="bitmap.residual.vip.buglet" path="community\residual.vip.buglet.png"/><bitmap id="bitmap.residual.vip.X" path="community\residual.vip.X.png"/><texture id="texture.vipconfig.border" type="NineInOne" image="community\vipconfig.border.png"/><imagelist id="imagelist.vipconfig.btn.exit" vertical="0" splitter="1" varyblock="1" image="community\vipconfig.btn.exit.png"/><texture id="texture.vipconfig.btn.exit.nor" imagelist="imagelist.vipconfig.btn.exit" index="1"/><texture id="texture.vipconfig.btn.exit.hover" imagelist="imagelist.vipconfig.btn.exit" index="2"/><texture id="texture.vipconfig.btn.exit.down" imagelist="imagelist.vipconfig.btn.exit" index="3"/><texture id="texture.vipconfig.title" type="ThreeInOneH" image="community\vipconfig.title.png"/><imagelist id="imagelist.untite.login.tab.bkg" vertical="0" splitter="1" varyblock="1" image="community\untite.login.tab.bkg.png"/><texture id="texture.untite.login.tab.select" type="ThreeInOneH" imagelist="imagelist.untite.login.tab.bkg" index="1"/><texture id="texture.untite.login.tab.normal" type="ThreeInOneH" imagelist="imagelist.untite.login.tab.bkg" index="2"/><texture id="texture.untite.login.tab.hover" type="ThreeInOneH" imagelist="imagelist.untite.login.tab.bkg" index="3"/><imagelist id="imagelist.combobox.delette.btn" splitter="1" vertical="0" varyblock="1" image="community\combobox.delete.btn.list11.png"/><bitmap id="bitmap.combobox.delette.btn.nor" imagelist="imagelist.combobox.delette.btn" index="1"/><bitmap id="bitmap.combobox.delette.btn.hover" imagelist="imagelist.combobox.delette.btn" index="2"/><bitmap id="bitmap.combobox.delette.btn.down" imagelist="imagelist.combobox.delette.btn" index="3"/><color id="color.dologin.text" red="61" green="64" blue="67" alpha="255"/><color id="color.vipnickname.text" red="180" green="0" blue="0" alpha="255"/><color id="color.notvipnickname.text" red="0" green="0" blue="0" alpha="255"/><color id="color.logindlg.tip.gray" red="174" green="174" blue="174" alpha="255"/><color id="color.signaturntext.gray" red="100" green="100" blue="100" alpha="255"/><color id="color.querying.gray" red="50" green="50" blue="50" alpha="255"/><color id="color.offlinedlg.blue" red="82" green="153" blue="210" alpha="255"/><color id="color.offlinedlg.red" red="231" green="111" blue="111" alpha="255"/><color id="color.loginerror.red" red="231" green="0" blue="0" alpha="255"/><color id="color.minipage.top" red="254" green="202" blue="202" alpha="255"/><color id="color.firevip" red="0" green="132" blue="253" alpha="255"/><color id="color.closevip" red="180" green="26" blue="17" alpha="255"/><color id="color.gold" red="142" green="85" blue="40" alpha="255"/><color id="color.gold.simple" red="228" green="205" blue="163" alpha="255"/><color id="color.textlink" red="0" green="132" blue="255" alpha="255"/><color id="color.vipassistant.bkg" red="255" green="250" blue="240" alpha="255"/><color id="color.cancellogin.text" red="221" green="221" blue="221" alpha="255"/><font id="dologin.default.font" height="12" facename="defaultfont"/><font id="dologin.link.font" height="12" facename="defaultfont" underline="1"/><font id="dologin.default.edit.font" height="12" facename="defaultfont"/><font id="dologin.edit.font" height="12" facename="defaultfont"/><font id="UserID.font" height="12" weight="bold" facename="defaultfont"/><font id="NickName.font" height="12" facename="defaultfont"/><font id="Logining.font" height="13" facename="defaultfont"/><font id="UserPanel.font" height="12" facename="defaultfont"/><font id="VIPLevel.font" height="10" facename="Arial"/><font id="VIPWebDlg.title.font" height="8" facename="Arial" weight="bold"/><font id="offlinetip.font" height="12" weight="bold" facename="defaultfont"/><font id="newsuperspeed.link.font" height="13" facename="defaultfont" underline="1"/><font id="vipconfig.noright.font" height="17" facename="defaultfont" weight="bold"/><font id="vipconfig.bold.font" height="12" facename="defaultfont" weight="bold"/><font id="vipconfig.bold.underline.font" height="12" facename="defaultfont" weight="bold" underline="1"/><font id="vip.assisant.underline.font" height="12" facename="defaultfont" underline="1"/><font id="msgbox.msgcount.font" height="9" facename="defaultfont"/><imagelist id="imagelist.community.toolbar.icon" splitter="1" vertical="0" varyblock="0" blocksize="38" image="community\toolbar.vipwebdlg.png"/><bitmap id="bitmap.community.vipwebdlg.button.icon.config.disable" imagelist="imagelist.community.toolbar.icon" index="2"/><bitmap id="bitmap.community.vipwebdlg.button.icon.config.normal" imagelist="imagelist.community.toolbar.icon" index="1"/><bitmap id="bitmap.community.vipwebdlg.button.icon.config.small" path="community\toolbar.vipsmallicon.png"/><imagelist id="imagelist.toolbutton.ani" splitter="1" vertical="0" varyblock="0" blocksize="38" image="community\imagelist.open.folder.ani.png"/><imageseq id="community.toolbutton.ani" imagelist="imagelist.toolbutton.ani"/><bitmap id="bitmap.unlogin.floatPanel.image" path="community\unlogin.floatPanel.image.png"/><bitmap id="bitmap.unlogin.floatPanel.Text" path="community\unlogin.floatPanel.Text.png"/><imagelist id="imagelist.unlogin.floatPanel.button" splitter="1" vertical="0" varyblock="1" image="community\unlogin.floatPanel.button.png"/><texture id="texture.unlogin.floatPanel.button.nor" imagelist="imagelist.unlogin.floatPanel.button" index="1"/><texture id="texture.unlogin.floatPanel.button.hover" imagelist="imagelist.unlogin.floatPanel.button" index="2"/><texture id="texture.unlogin.floatPanel.button.down" imagelist="imagelist.unlogin.floatPanel.button" index="3"/><imagelist id="imagelist.unlogin.headimage.animation" splitter="1" vertical="0" blocksize="48" varyblock="0" image="community\unlogin.headimage.animation.png"/><imageseq id="seqframeani.community.ani.unlogin.headimage" imagelist="imagelist.unlogin.headimage.animation"/></resource></XLUE>