<XLUE><resource><texture id="imagelist.save.time" type="ThreeInOneH" image="bitmap\task.basicinfo.savetime.png"/><imagelist id="imagelist.downchanel.tab" splitter="1" vertical="0" varyblock="0" blocksize="23" image="bitmap\imagelist.downchanel.tab.png"/><bitmap id="histogram.tab.normal" imagelist="imagelist.downchanel.tab" index="1"/><bitmap id="histogram.tab.hover" imagelist="imagelist.downchanel.tab" index="2"/><bitmap id="histogram.tab.down" imagelist="imagelist.downchanel.tab" index="3"/><bitmap id="beans.tab.normal" imagelist="imagelist.downchanel.tab" index="4"/><bitmap id="beans.tab.hover" imagelist="imagelist.downchanel.tab" index="5"/><bitmap id="beans.tab.down" imagelist="imagelist.downchanel.tab" index="6"/><bitmap id="histogram.item.icon" path="bitmap\task.basicinfo.histogram.icon.png"/><imagelist id="imagelist.histogram.chanel.status" vertical="0" splitter="1" varyblock="1" image="bitmap\imagelist.chanel.status.png"/><bitmap id="histogram.chanel.status.normal" imagelist="imagelist.histogram.chanel.status" index="1"/><bitmap id="histogram.chanel.status.block" imagelist="imagelist.histogram.chanel.status" index="2"/><bitmap id="histogram.chanel.status.disable" imagelist="imagelist.histogram.chanel.status" index="3"/><texture id="histogram.item.select" type="ThreeInOneH" image="bitmap\task.basicinfo.histogram.select.png"/><imagelist id="imagelist.chanel.progress.full" vertical="0" splitter="1" varyblock="1" image="bitmap\imagelist.chanel.full.png"/><texture id="original.chanel.progress.full" type="ThreeInOneH" imagelist="imagelist.chanel.progress.full" index="1"/><texture id="mirror.chanel.progress.full" type="ThreeInOneH" imagelist="imagelist.chanel.progress.full" index="2"/><texture id="p2p.chanel.progress.full" type="ThreeInOneH" imagelist="imagelist.chanel.progress.full" index="3"/><texture id="high.chanel.progress.full" type="ThreeInOneH" imagelist="imagelist.chanel.progress.full" index="4"/><texture id="offline.chanel.progress.full" type="ThreeInOneH" imagelist="imagelist.chanel.progress.full" index="5"/><texture id="chanel.progress.empty" image="bitmap\histogram.progress.empty.png"/><bitmap id="basicinfo.line" path="bitmap\histogram.line.png"/><bitmap id="basicinfo.telecom.separate.line" path="bitmap\telecom_separate_line.png"/><imagelist id="imagelist.taskinfo.button" vertical="0" splitter="1" varyblock="1" image="bitmap\imagelist.task.basicinfo.btn.png"/><texture id="taskinfo.button.normal" type="ThreeInOneH" imagelist="imagelist.taskinfo.button" index="1"/><texture id="taskinfo.button.hover" type="ThreeInOneH" imagelist="imagelist.taskinfo.button" index="2"/><texture id="taskinfo.button.down" type="ThreeInOneH" imagelist="imagelist.taskinfo.button" index="3"/><texture id="taskinfo.button.disable" type="ThreeInOneH" imagelist="imagelist.taskinfo.button" index="4"/><imagelist id="imagelist.downchanel.beans" vertical="0" splitter="1" varyblock="1" image="bitmap\imagelist.downchanel.beans.png"/><bitmap id="original.beans.downloading" imagelist="imagelist.downchanel.beans" index="1"/><bitmap id="mirror.beans.downloading" imagelist="imagelist.downchanel.beans" index="2"/><bitmap id="p2p.beans.downloading" imagelist="imagelist.downchanel.beans" index="3"/><bitmap id="highchanel.beans.downloading" imagelist="imagelist.downchanel.beans" index="4"/><bitmap id="offlinechanel.beans.downloading" imagelist="imagelist.downchanel.beans" index="5"/><bitmap id="chanel.beans.unload" imagelist="imagelist.downchanel.beans" index="6"/><texture id="texture.downchanel.panel.header.bkg" type="ThreeInOneH" image="bitmap\basic info.bkg.png"/><imagelist id="imagelist.downchanel.dlg.tab" vertical="0" splitter="1" varyblock="1" image="bitmap\imagelist.downchanel.dlg.tab.png"/><texture id="downchanel.dlg.tab.normal" type="ThreeInOneH" imagelist="imagelist.downchanel.dlg.tab" index="1"/><texture id="downchanel.dlg.tab.hover" type="ThreeInOneH" imagelist="imagelist.downchanel.dlg.tab" index="2"/><texture id="downchanel.dlg.tab.down" type="ThreeInOneH" imagelist="imagelist.downchanel.dlg.tab" index="3"/><texture id="downchanel.dlg.tab.disable" type="ThreeInOneH" imagelist="imagelist.downchanel.dlg.tab" index="4"/><bitmap id="image.downchanel.dlg.undertab.line" path="bitmap\image.downchanel.dlg.undertab.line.png"/><bitmap id="image.downchanel.dlg.vertical.line" path="bitmap\image.down.chanel.vertical.line.png"/><texture id="texture.downchanel.dlg.save" type="ThreeInOneH" image="bitmap\image.downchanel.dlg.savetime.png"/><bitmap id="bitmap.baisc.taskinfo.top.cut.line" path="bitmap\task.basic.top.cut.line.png"/><texture id="bitmap.basic.taskinfo.item.bkg" type="ThreeInOneH" image="bitmap\image.basic.taskinfo.item.bkg.png"/><imagelist id="imagelist.expand.image" splitter="1" vertical="0" varyblock="0" blocksize="21" image="bitmap\imagelist.basictask.item.icon.png"/><bitmap id="bitmap.expand.normal" imagelist="imagelist.expand.image" index="1"/><bitmap id="bitmap.expand.hover" imagelist="imagelist.expand.image" index="2"/><bitmap id="bitmap.expand.down" imagelist="imagelist.expand.image" index="3"/><bitmap id="bitmap.unexpand.normal" imagelist="imagelist.expand.image" index="4"/><bitmap id="bitmap.unexpand.hover" imagelist="imagelist.expand.image" index="5"/><bitmap id="bitmap.unexpand.down" imagelist="imagelist.expand.image" index="6"/><texture id="texture.basic.task.tip" type="NineInOne" image="bitmap\mainwnd_bkg_tip.png"/></resource></XLUE>