<XLUE><resource><texture id="texture.floatpanel.taskline" type="Normal" image="bitmap\floatpanel.taskline.png"><part id="topleft"><src left="0" top="0" width="1" height="22"/><dest left="0" top="height-22" width="1" height="22"/></part></texture><bitmap id="bitmap.floatpanel.logo" path="bitmap/floatpanel.logo.png"/><bitmap id="bitmap.floatpanel.infopanel.progress" path="bitmap/floatpane.progress.png"/><texture id="texture.floatpanel.infopanel.topbkg" type="ThreeInOneH" image="bitmap/floatpanel.infopanel.top.png"/><texture id="texture.floatpanel.infopanel.taskitem.hover" type="NineInOne" image="bitmap/floatpanel.infopanel.taskitem.hover.png"/><bitmap id="bitmap.floatpanel.infopanel.line" path="bitmap/floatpanel.infopanel.line.png"/><imagelist id="imagelist.floatpanel.infopanel.tab" vertical="0" splitter="1" varyblock="1" image="bitmap\floatpanel.infopanel.tab.png"/><texture id="texture.floatpanel.infopanel.tab.active" type="ThreeInOneH" imagelist="imagelist.floatpanel.infopanel.tab" index="1"/><texture id="texture.floatpanel.infopanel.tab.hover" type="ThreeInOneH" imagelist="imagelist.floatpanel.infopanel.tab" index="2"/><imagelist id="bitmap.floatpanel.iconlist" vertical="0" splitter="1" varyblock="0" blocksize="22" image="bitmap/bitmap.floatpanel.icon.png"/><bitmap id="bitmap.floatpanel.icon.normal" imagelist="bitmap.floatpanel.iconlist" index="1"/><bitmap id="bitmap.floatpanel.icon.hover" imagelist="bitmap.floatpanel.iconlist" index="2"/><bitmap id="bitmap.floatpanel.icon.down" imagelist="bitmap.floatpanel.iconlist" index="3"/><bitmap id="bitmap.floatpanel.downicon" path="bitmap/bitmap.floatpanel.downicon.png"/><imagelist id="bitmap.floatpanel.downprilist" vertical="0" splitter="1" varyblock="0" blocksize="24" image="bitmap/bitmap.floatpanel.downloadmode.downpri.png"/><bitmap id="bitmap.floatpanel.downpriicon.normal" imagelist="bitmap.floatpanel.downprilist" index="1"/><bitmap id="bitmap.floatpanel.downpriicon.hover" imagelist="bitmap.floatpanel.downprilist" index="2"/><bitmap id="bitmap.floatpanel.downpriicon.down" imagelist="bitmap.floatpanel.downprilist" index="3"/><imagelist id="bitmap.floatpanel.netprotectlist" vertical="0" splitter="1" varyblock="0" blocksize="24" image="bitmap/bitmap.floatpanel.downloadmode.netprotect.png"/><bitmap id="bitmap.floatpanel.netprotecticon.normal" imagelist="bitmap.floatpanel.netprotectlist" index="1"/><bitmap id="bitmap.floatpanel.netprotecticon.hover" imagelist="bitmap.floatpanel.netprotectlist" index="2"/><bitmap id="bitmap.floatpanel.netprotecticon.down" imagelist="bitmap.floatpanel.netprotectlist" index="3"/><imagelist id="bitmap.floatpanel.customiconlist" vertical="0" splitter="1" varyblock="0" blocksize="24" image="bitmap/bitmap.floatpanel.donwloadmode.custom.png"/><bitmap id="bitmap.floatpanel.customicon.normal" imagelist="bitmap.floatpanel.customiconlist" index="1"/><bitmap id="bitmap.floatpanel.customicon.hover" imagelist="bitmap.floatpanel.customiconlist" index="2"/><bitmap id="bitmap.floatpanel.customicon.down" imagelist="bitmap.floatpanel.customiconlist" index="3"/><bitmap id="bitmap.floatpanel.downloadmode.stoptask" path="bitmap/bitmap.floatpanel.downloadmode.stoptask.png"/><bitmap id="bitmap.floatpanel.downloadmode.starttask" path="bitmap/bitmap.floatpanel.downloadmode.starttask.png"/><imagelist id="bitmap.floatpanel.pinlist" vertical="0" splitter="1" varyblock="0" blocksize="17" image="bitmap/floatpane.pin.png"/><bitmap id="bitmap.floatpanel.pin.normal" imagelist="bitmap.floatpanel.pinlist" index="1"/><bitmap id="bitmap.floatpanel.pin.hover" imagelist="bitmap.floatpanel.pinlist" index="2"/><bitmap id="bitmap.floatpanel.pinned.normal" imagelist="bitmap.floatpanel.pinlist" index="3"/><bitmap id="bitmap.floatpanel.pinned.hover" imagelist="bitmap.floatpanel.pinlist" index="4"/><bitmap id="bitmap.floatpanel.progress" path="bitmap/bitmap.floatpanel.progress.png"/><bitmap id="bitmap.floatpanel.progress.light" path="bitmap/bitmap.floatpanel.progress.light.png"/><texture id="texture.mask.floatpanel.progress" type="ThreeInOneH" image="bitmap/mask.floatpanel.progress.png"/><texture id="texture.floatpanel.bkg" type="ThreeInOneH" image="bitmap/texture.floatpanel.bkg.png"/><texture id="texture.floatpanel.panel" type="NineInOne" image="bitmap/texture.floatpanel.panel.png"/><texture id="texture.floatpanel.border" type="NineInOne" image="bitmap/texture.floatpanel.border.png" drop="100"/><texture id="texture.floatpanel.graphybkg" type="ThreeInOneH" image="bitmap/texture.floatpanel.graphybkg.png"/><texture id="texture.floatpanel.graphy" type="Stretch" image="bitmap/texture.floatpanel.graphy.png"/></resource></XLUE>