<XLUE><resource><font id="StatusAddin.font" height="12" facename="defaultfont"/><imagelist id="bitmap.flowmonitor.status.imagelist" vertical="0" splitter="1" varyblock="1" image="bitmap\bitmap.status.arrow.png"/><bitmap id="bitmap.flowmonitor.status.download" imagelist="bitmap.flowmonitor.status.imagelist" index="2"/><bitmap id="bitmap.flowmonitor.status.upload" imagelist="bitmap.flowmonitor.status.imagelist" index="1"/><bitmap id="bitmap.flowmonitor.status.uploadprotocol" path="bitmap\bitmap.status.arrow.protocol.png"/><imagelist id="bitmap.flowmonitor.status.caption.imagelist" vertical="0" splitter="1" varyblock="1" image="bitmap\bitmap.status.caption.png"/><bitmap id="bitmap.flowmonitor.status.caption.download" imagelist="bitmap.flowmonitor.status.caption.imagelist" index="1"/><bitmap id="bitmap.flowmonitor.status.caption.upload" imagelist="bitmap.flowmonitor.status.caption.imagelist" index="2"/><texture id="bkg.flowmonitor.status.flow" drop="100" type="NineInOne" image="bitmap\bkg.status.flow.png"/><bitmap id="bitmap.flowmonitor.status.spitter" path="bitmap\bitmap.status.spitter.png"/><color id="flowmonitor.graytext" value="#535353"/><imagelist id="imagelist.flowmonitor.networktest" vertical="0" splitter="1" varyblock="0" blocksize="22" image="bitmap\bitmap.button.networktest.png"/><bitmap id="bitmap.flowmonitor.button.networktest" imagelist="imagelist.flowmonitor.networktest" index="1"/><bitmap id="bitmap.flowmonitor.button.networktest.bkg.hover" imagelist="imagelist.flowmonitor.networktest" index="2"/></resource></XLUE>