﻿<XLUE><resource><font id="default.font" height="12" facename="defaultfont"/><font id="default.font.bold" height="12" weight="bold" facename="defaultfont"/><font id="default.font.bold.underline" height="12" weight="bold" facename="defaultfont" underline="1"/><font id="default.font.link" height="12" facename="defaultfont"/><font id="default.font.underline" height="12" facename="defaultfont" underline="1"/><font id="default.font.Underline" height="12" facename="defaultfont" underline="1"/><font id="basicinfo.font" height="12" facename="defaultfont"/><font id="msg.font" height="12" facename="defaultfont"/><font id="plugin.platform.font.bold" height="13" weight="bold" facename="defaultfont"/><font id="plugin.platform.font.bold.underline" height="13" weight="bold" facename="defaultfont" underline="1"/><font id="msg.font.bold" height="40" weight="bold" facename="defaultfont"/><font id="newtask.default.font" height="12" facename="defaultfont"/><font id="newtask.default.edit.font" height="12" facename="defaultfont"/><font id="newtask.edit.font" height="12" facename="defaultfont"/><font id="newtask.btn.font" height="12" facename="defaultfont"/><font id="newtask.btn.font.normal" height="12" facename="defaultfont"/><font id="newtask.btn.font.hover" height="12" facename="defaultfont"/><font id="newtask.btn.font.down" height="12" facename="defaultfont"/><font id="newtask.btn.font.disable" height="12" facename="defaultfont"/><font id="combobox.default.font" height="12" facename="defaultfont"/><font id="newtask2.filename.font" height="18" weight="bold" facename="defaultfont"/><font id="privatetip.caption.font" height="16" facename="defaultfont"/><font id="singletaskpanel.font.progress" height="12" facename="Arial"/><font id="singletaskpanel.font.default" height="12" facename="defaultfont"/><font id="font.subpanel.title" height="12" facename="defaultfont"/><font id="font.msgbox.default" height="12" facename="defaultfont"/><font id="taskinfo.title" height="12" facename="defaultfont"/><font id="taskinfo.title.font" height="10" facename="defaultfont"/><font id="taskinfo.attr.info.font" height="12" facename="defaultfont"/><font id="taskinfo.security.info.font" height="12" facename="defaultfont"/><font id="taskinfo.link.font" height="12" facename="defaultfont" underline="1"/><font id="taskinfo.basicmanipulate.btn.font" height="12" facename="defaultfont"/><font id="button.default.font" height="12" facename="defaultfont"/><font id="listheader.font" height="12" facename="defaultfont"/><font id="font.bttaskdlg.tab.button" height="12" facename="defaultfont"/><font id="font.btfilelist.grid.text" height="12" facename="defaultfont"/><font id="font.menu" height="12" facename="defaultfont"/><font id="font.mainmenu" height="12" facename="defaultfont"/><font id="url.filter.sel.font" height="12" underline="1" facename="defaultfont"/><font id="config.default.font" height="12" facename="defaultfont"/><font id="config.tab.sign.font" height="12" facename="defaultfont"/><font id="font.bttaskdlg.textlink" height="12" facename="defaultfont" underline="1"/><font id="font.tip" height="12" facename="defaultfont"/><font id="floatpanel.default.font" height="10" facename="Arial"/><font id="floatpanel.default.font.new" height="9" facename="微软雅黑"/><font id="floatpanel.taskinfo.default.font" height="10" facename="defaultfont"/><font id="font.tasklist.progress" height="10" facename="Arial"/><font id="DownloadPipe.default.font" height="12" facename="defaultfont"/><font id="down.chanel.active.font" height="10" facename="defaultfont"/><font id="web.loading.text.font" height="14" facename="defaultfont"/><font id="taskinfo.tab.font" height="12" facename="defaultfont"/><font id="chanel.tip.font" height="12" weight="bold" facename="defaultfont"/><font id="msgsys.title" height="20" weight="bold" facename="defaultfont"/><font id="newaddin.tips.font" height="11" facename="defaultfont"/><font id="initwizard.font" height="22" weight="bold" facename="defaultfont"/><font id="wizard.app.prompt.font" height="14" weight="bold" facename="defaultfont"/><font id="font.config.tab.caption.title" height="20" weight="bold" facename="defaultfont"/><font id="default.font.16" height="16" facename="defaultfont"/><font id="default.font.bold.16" height="16" weight="bold" facename="defaultfont"/><font id="wizard.net.tip.title.font" height="14" facename="defaultfont"/><font id="browser.font.23" height="23" facename="defaultfont"/><font id="browser.font.14" height="14" facename="defaultfont"/><font id="browser.font.18" height="18" facename="defaultfont"/><font id="browser.font.12" height="12" facename="defaultfont"/><font id="xlPrivate.passwd.font" height="12" facename="defaultfont"/><font id="xlPrivate.passwd.font.underline" height="12" facename="defaultfont" underline="1"/></resource></XLUE>