<XLUE><resource><bitmap id="bitmap.mainwnd.title" path="bitmap\title.png"/><bitmap id="bitmap.mainwnd.statusbar.splitter" path="bitmap\mainwnd.statusbar.splitter.png"/><bitmap id="bitmap.mainwnd.title.expe" path="bitmap\title_expe.png"/><bitmap id="bitmap.mainwnd.bkg" path="bitmap\mainwnd_bkg1.png"/><bitmap id="bitmap.mainwnd.blue.bkg" path="bitmap\mainwnd_bkg2.png"/><bitmap id="bitmap.mainwnd.bkg.highlight.mid" path="bitmap\mainwnd.bkg.highlight.mid.png"/><bitmap id="bitmap.mainwnd.bkg.highlight.top" path="bitmap\mainwnd.bkg.highlight.top.png"/><bitmap id="bitmap.userimage.frame" path="bitmap\UserImage.freme.png"/><texture id="texture.mainwnd.bkg.bkg.border" type="NineInOne" image="bitmap\mainwnd.bkg.border.png"/><texture id="texture.mainwnd.border" type="NineInOne" image="bitmap\mainwnd_border.png"/><texture id="texture.mainwnd.tab.shadow.leftbottom" type="NineInOne" image="bitmap\tab_shadow_leftbottom.png"/><texture id="texture.mainwnd.tab.border.leftbottom" type="NineInOne" image="bitmap\tab_border_leftbottom.png"/><texture id="texture.mainwnd.tab.border.right" type="Fill" image="bitmap\tab_border_right.png"/><texture id="texture.mainwnd.bkg.border" type="Normal" image="bitmap\texture.bkg.border.png"><part id="topleft"><src left="8" top="0" width="7" height="7"/><dest left="0" top="0" width="7" height="7"/></part><part id="topcenter"><src left="40" top="0" width="1" height="7"/><dest left="7" top="0" width="width-7-7" height="7"/></part><part id="topright"><src left="16" top="0" width="7" height="7"/><dest left="width-7" top="0" width="7" height="7"/></part><part id="left"><src left="32" top="0" width="2" height="7"/><dest left="0" top="7" width="2" height="height-7-7"/></part><part id="right"><src left="35" top="0" width="2" height="7"/><dest left="width-2" top="7" width="2" height="height-7-7"/></part><part id="bottomleft"><src left="0" top="0" width="7" height="7"/><dest left="0" top="height-7" width="7" height="7"/></part><part id="bottomcenter"><src left="38" top="0" width="1" height="7"/><dest left="7" top="height-7" width="width-7-7" height="7"/></part><part id="bottomright"><src left="24" top="0" width="7" height="7"/><dest left="width-7" top="height-7" width="7" height="7"/></part></texture><texture id="texture.mainwnd.border2" type="Normal" image="bitmap\mainwnd_border2.png"><part id="topleft"><src left="8" top="0" width="7" height="7"/><dest left="0" top="0" width="7" height="7"/></part><part id="topcenter"><src left="40" top="0" width="1" height="7"/><dest left="7" top="0" width="width-7-7" height="7"/></part><part id="topright"><src left="16" top="0" width="7" height="7"/><dest left="width-7" top="0" width="7" height="7"/></part><part id="left"><src left="32" top="0" width="2" height="7"/><dest left="0" top="7" width="2" height="height-7-7"/></part><part id="right"><src left="35" top="0" width="2" height="7"/><dest left="width-2" top="7" width="2" height="height-7-7"/></part><part id="bottomleft"><src left="0" top="0" width="7" height="7"/><dest left="0" top="height-7" width="7" height="7"/></part><part id="bottomcenter"><src left="38" top="0" width="1" height="7"/><dest left="7" top="height-7" width="width-7-7" height="7"/></part><part id="bottomright"><src left="24" top="0" width="7" height="7"/><dest left="width-7" top="height-7" width="7" height="7"/></part></texture><texture id="texture.mainwnd.border3" type="Normal" image="bitmap\mainwnd_border3.png"><part id="topleft"><src left="8" top="0" width="7" height="7"/><dest left="0" top="0" width="7" height="7"/></part><part id="topcenter"><src left="40" top="0" width="1" height="7"/><dest left="7" top="0" width="width-7-7" height="7"/></part><part id="topright"><src left="16" top="0" width="7" height="7"/><dest left="width-7" top="0" width="7" height="7"/></part><part id="left"><src left="32" top="0" width="2" height="7"/><dest left="0" top="7" width="2" height="height-7-7"/></part><part id="right"><src left="35" top="0" width="2" height="7"/><dest left="width-2" top="7" width="2" height="height-7-7"/></part><part id="bottomleft"><src left="0" top="0" width="7" height="7"/><dest left="0" top="height-7" width="7" height="7"/></part><part id="bottomcenter"><src left="38" top="0" width="1" height="7"/><dest left="7" top="height-7" width="width-7-7" height="7"/></part><part id="bottomright"><src left="24" top="0" width="7" height="7"/><dest left="width-7" top="height-7" width="7" height="7"/></part></texture><imagelist id="imagelist.platform.button.image" vertical="0" splitter="1" varyblock="1" image="bitmap\imagelist.platform.button.png"/><bitmap id="bitmap.mainwnd.menu.normal" imagelist="imagelist.platform.button.image" index="11"/><bitmap id="bitmap.mainwnd.menu.hover" imagelist="imagelist.platform.button.image" index="12"/><bitmap id="bitmap.mainwnd.menu.down" imagelist="imagelist.platform.button.image" index="13"/><bitmap id="bitmap.mainwnd.menu.disable" imagelist="imagelist.platform.button.image" index="14"/><bitmap id="bitmap.sysbtn.mini.normal" imagelist="imagelist.platform.button.image" index="15"/><bitmap id="bitmap.sysbtn.mini.hover" imagelist="imagelist.platform.button.image" index="16"/><bitmap id="bitmap.sysbtn.mini.down" imagelist="imagelist.platform.button.image" index="17"/><bitmap id="bitmap.sysbtn.mini.disable" imagelist="imagelist.platform.button.image" index="18"/><bitmap id="bitmap.sysbtn.max.normal" imagelist="imagelist.platform.button.image" index="19"/><bitmap id="bitmap.sysbtn.max.hover" imagelist="imagelist.platform.button.image" index="20"/><bitmap id="bitmap.sysbtn.max.down" imagelist="imagelist.platform.button.image" index="21"/><bitmap id="bitmap.sysbtn.max.disable" imagelist="imagelist.platform.button.image" index="22"/><bitmap id="bitmap.sysbtn.restore.normal" imagelist="imagelist.platform.button.image" index="23"/><bitmap id="bitmap.sysbtn.restore.hover" imagelist="imagelist.platform.button.image" index="24"/><bitmap id="bitmap.sysbtn.restore.down" imagelist="imagelist.platform.button.image" index="25"/><bitmap id="bitmap.sysbtn.restore.disable" imagelist="imagelist.platform.button.image" index="26"/><bitmap id="bitmap.sysbtn.close.normal" imagelist="imagelist.platform.button.image" index="27"/><bitmap id="bitmap.sysbtn.close.hover" imagelist="imagelist.platform.button.image" index="28"/><bitmap id="bitmap.sysbtn.close.down" imagelist="imagelist.platform.button.image" index="29"/><bitmap id="bitmap.sysbtn.close.disable" imagelist="imagelist.platform.button.image" index="30"/><texture id="texture.mainwnd.cache.bkg" type="NineInOne" image="bitmap\cache_bkg.png"/><bitmap id="bitmap.mainwnd.cache.tab" path="bitmap\cache_tab.png"/></resource></XLUE>