<XLUE><resource><font id="font.tab.item" height="13" facename="defaultfont"/><imagelist id="imagelist.maintab" vertical="0" splitter="1" varyblock="1" image="bitmap\bitmap.tab.png"/><texture id="bitmap.maintab.normal" type="ThreeInOneH" imagelist="imagelist.maintab" index="1"/><texture id="bitmap.maintab.hover" type="ThreeInOneH" imagelist="imagelist.maintab" index="2"/><texture id="bitmap.maintab.down" type="ThreeInOneH" imagelist="imagelist.maintab" index="3"/><texture id="bitmap.maintab.select" type="ThreeInOneH" imagelist="imagelist.maintab" index="3"/><imagelist id="imagelist.maintab.ctr.button.bkg" vertical="0" splitter="1" varyblock="1" image="bitmap\tab.button.bkg.png"/><texture id="bitmap.maintab.ctrl.button.bkg.normal" type="ThreeInOneH" imagelist="imagelist.maintab.ctr.button.bkg" index="1"/><texture id="bitmap.maintab.ctrl.button.bkg.hover" type="ThreeInOneH" imagelist="imagelist.maintab.ctr.button.bkg" index="2"/><texture id="bitmap.maintab.ctrl.button.bkg.down" type="ThreeInOneH" imagelist="imagelist.maintab.ctr.button.bkg" index="3"/><imagelist id="imagelist.maintab.ctrl.button.add" splitter="1" vertical="0" varyblock="1" image="bitmap\tab.button.add.png"/><bitmap id="bitmap.maintab.ctrl.button.add.normal" imagelist="imagelist.maintab.ctrl.button.add" index="1"/><bitmap id="bitmap.maintab.ctrl.button.add.hover" imagelist="imagelist.maintab.ctrl.button.add" index="2"/><bitmap id="bitmap.maintab.ctrl.button.add.down" imagelist="imagelist.maintab.ctrl.button.add" index="3"/><bitmap id="bitmap.maintab.ctrl.button.splitter" path="bitmap\tab.button.splitter.png"/><bitmap id="bitmap.maintab.ctrl.bkg.bar" path="bitmap\tab.bkg.bar.png"/><imagelist id="imagelist.maintab.ctrl.button.add.1" splitter="1" vertical="0" varyblock="1" image="bitmap\tab.button.add.1.png"/><bitmap id="bitmap.maintab.ctrl.button.recent.normal" imagelist="imagelist.maintab.ctrl.button.add.1" index="1"/><bitmap id="bitmap.maintab.ctrl.button.recent.hover" imagelist="imagelist.maintab.ctrl.button.add.1" index="2"/><bitmap id="bitmap.maintab.ctrl.button.recent.down" imagelist="imagelist.maintab.ctrl.button.add.1" index="3"/><imagelist id="imagelist.maintab.ctrl.item.close" splitter="1" vertical="0" varyblock="1" image="bitmap\tab.item.close.png"/><bitmap id="bitmap.maintab.ctrl.item.close.select.normal" imagelist="imagelist.maintab.ctrl.item.close" index="1"/><bitmap id="bitmap.maintab.ctrl.item.close.select.hover" imagelist="imagelist.maintab.ctrl.item.close" index="2"/><bitmap id="bitmap.maintab.ctrl.item.close.select.down" imagelist="imagelist.maintab.ctrl.item.close" index="3"/><bitmap id="bitmap.maintab.ctrl.item.close.deselect.normal" imagelist="imagelist.maintab.ctrl.item.close" index="1"/><bitmap id="bitmap.maintab.ctrl.item.close.deselect.hover" imagelist="imagelist.maintab.ctrl.item.close" index="2"/><bitmap id="bitmap.maintab.ctrl.item.close.deselect.down" imagelist="imagelist.maintab.ctrl.item.close" index="3"/><imagelist id="imagelist.plugintab" splitter="1" vertical="0" varyblock="1" image="bitmap\plugintabbtn.png"/><bitmap id="plugin.behindtab.btn.normal" imagelist="imagelist.plugintab" index="1"/><bitmap id="plugin.behindtab.btn.hover" imagelist="imagelist.plugintab" index="2"/><bitmap id="plugin.behindtab.btn.down" imagelist="imagelist.plugintab" index="3"/><bitmap id="plugin.behindtab.btn.select" imagelist="imagelist.plugintab" index="3"/><bitmap id="plugin.behindtab.btn.disable" imagelist="imagelist.plugintab" index="4"/><bitmap id="plugin.pevioustab.btn.normal" imagelist="imagelist.plugintab" index="5"/><bitmap id="plugin.pevioustab.btn.hover" imagelist="imagelist.plugintab" index="6"/><bitmap id="plugin.pevioustab.btn.down" imagelist="imagelist.plugintab" index="7"/><bitmap id="plugin.pevioustab.btn.select" imagelist="imagelist.plugintab" index="7"/><bitmap id="plugin.pevioustab.btn.disable" imagelist="imagelist.plugintab" index="8"/><color id="color.maintab.text.select" red="0" green="0" blue="0" alpha="255"/><color id="color.maintab.text.normal" red="83" green="83" blue="83" alpha="255"/><color id="color.maintab.text.hover" red="32" green="84" blue="167" alpha="255"/><color id="color.maintab.text.down" red="32" green="84" blue="167" alpha="255"/><color id="addin.shortcut.tips.text" value="#b1852c"/><texture id="addin.shortcut.tips.bkg" type="NineInOne" image="bitmap\addin.shortcut.tip.bkg.png"/><texture id="bitmap.maintab.splitter" type="ThreeInOneH" image="bitmap\tab.splitter.png"/><texture id="bitmap.maintab.shadow" type="ThreeInOneH" image="bitmap\mainwnd.tabctrl.shadow.png"/><bitmap id="bitmap.maintab.item.icon.default.store" path="bitmap\tab.item.default.icon.store.png"/><bitmap id="bitmap.maintab.item.icon.default.config" path="bitmap\tab.item.default.icon.config.png"/><bitmap id="bitmap.maintab.item.icon.default.empty" path="bitmap\tab.item.default.icon.empty.png"/><bitmap id="bitmap.maintab.line" path="bitmap\tab.line.png"/></resource></XLUE>