<XLUE><resource><bitmap id="icon.menu.share.qqvb" path="bitmap\icon.menu.qqvb.png"/><bitmap id="icon.menu.share.sinavb" path="bitmap\icon.menu.sinavb.png"/><bitmap id="icon.menu.share.netevb" path="bitmap\icon.menu.netevb.png"/><bitmap id="icon.menu.share.kaixin" path="bitmap\icon.menu.kaixin.png"/><texture id="menu.bkn" type="NineInOne" image="bitmap\texture.mainmenu.popbkg.png"/><bitmap id="menu.splitter" path="bitmap\menu.line.png"/><imagelist id="edit.imagelist" splitter="1" varyblock="1" image="bitmap\imagelist.newtask.edit.png" color="#7F007F"/><bitmap id="menu.select.bitmap" imagelist="edit.imagelist" index="12"/><imagelist id="menu.select.imagelist" splitter="1" varyblock="1" image="bitmap\imagelist.menu.select.png" color="#7F007F"/><texture id="menu.select" type="ThreeInOneH" imagelist="menu.select.imagelist" index="2"/><bitmap id="menu.shading" path="bitmap\bkg-tree.png"/><bitmap id="menu.line.1" path="bitmap\menu.line.png"/><bitmap id="menu.line.2" path="bitmap\menu.line.png"/><bitmap id="menu.line.3" path="bitmap\menu.line.png"/><bitmap id="menu.line.4" path="bitmap\menu.line.png"/><color id="menu.color.src" red="247" green="249" blue="251" alpha="250"/><color id="menu.color.dest" red="247" green="249" blue="251" alpha="250"/><imagelist id="imagelist.menu.arrow" splitter="1" varyblock="1" image="bitmap\imagelist.menu.arrow.png" color="#7F007F"/><bitmap id="menu.arrow.nor" imagelist="imagelist.menu.arrow" index="1"/><bitmap id="menu.arrow.hov" imagelist="imagelist.menu.arrow" index="2"/><imagelist id="imagelist.mainmenu.frame" splitter="1" varyblock="1" image="bitmap\imagelist.mainmenu.frame.png" color="#7F007F"/><texture id="mainmenu.downbkg" type="NineInOne" imagelist="imagelist.mainmenu.frame" index="1"/><texture id="mainmenu.upbkg" type="NineInOne" imagelist="imagelist.mainmenu.frame" index="2"/><texture id="mainmenuex.downbkg" type="NineInOne" imagelist="imagelist.mainmenu.frame" index="3"/><texture id="mainmenuex.upbkg" type="NineInOne" imagelist="imagelist.mainmenu.frame" index="4"/><texture id="mainmenu.btn.down" type="ThreeInOneH" imagelist="imagelist.mainmenu.frame" index="5"/><texture id="mainmenu.btn.up" type="ThreeInOneH" imagelist="imagelist.mainmenu.frame" index="6"/><texture id="mainmenu.popbkg" type="ThreeInOneH" image="bitmap\texture.mainmenu.popbkg.png"/><texture id="mainmenu.btn.hover" type="ThreeInOneH" image="bitmap\texture.mainmenu.hover.png"/><bitmap id="mainmenu.light" path="bitmap\bitmap.mainmenu.light.png"/><bitmap id="menuexpand.in" path="bitmap\icon.menuexpand.in.png"/><bitmap id="menuexpand.out" path="bitmap\icon.menuexpand.out.png"/><imagelist id="imagelist.menu.icon" splitter="1" varyblock="1" vertical="0" image="bitmap\imagelist.menu.icon.png"/><bitmap id="menu.all.del.icon" imagelist="imagelist.menu.icon" index="14"/><bitmap id="menu.all.pause.icon" imagelist="imagelist.menu.icon" index="13"/><bitmap id="menu.all.start.icon" imagelist="imagelist.menu.icon" index="12"/><bitmap id="menu.del.task.icon" imagelist="imagelist.menu.icon" index="3"/><bitmap id="menu.new.task.icon" imagelist="imagelist.menu.icon" index="6"/><bitmap id="menu.exit.icon" imagelist="imagelist.menu.icon" index="7"/><bitmap id="menu.about.icon" imagelist="imagelist.menu.icon" index="11"/><bitmap id="menu.bbs.icon" imagelist="imagelist.menu.icon" index="9"/><bitmap id="menu.check.icon" path="bitmap\icon_menu_check.png"/><bitmap id="menu.config.icon" imagelist="imagelist.menu.icon" index="4"/><bitmap id="menu.down.icon" path="bitmap\icon_menu_down.png"/><bitmap id="menu.property.icon" imagelist="imagelist.menu.icon" index="5"/><bitmap id="menu.search.icon" path="bitmap\icon_menu_search.png"/><bitmap id="menu.up.icon" path="bitmap\icon_menu_up.png"/><bitmap id="menu.update.icon" imagelist="imagelist.menu.icon" index="10"/><bitmap id="menu.desktopnews.icon" imagelist="imagelist.menu.icon" index="8"/><bitmap id="icon.menu.start.icon" imagelist="imagelist.menu.icon" index="1"/><imagelist id="imagelist.sort.small" splitter="1" varyblock="1" vertical="0" image="bitmap\imagelist.sort.small.png"/><bitmap id="menu.sort.icon" imagelist="imagelist.sort.small" index="2"/><bitmap id="menu.share.icon" path="bitmap\imagelist.share.small.png"/><bitmap id="menu.singletask.icon" path="bitmap\imagelist.singletask.small.png"/><bitmap id="menu.sort.check.icon" path="bitmap\menu.choose.png"/><imagelist id="imagelist.singletask.check.icon" splitter="1" varyblock="1" vertical="0" image="bitmap\imagelist.singletask.check.icon.png"/><bitmap id="menu.singletask.check.icon.normal" imagelist="imagelist.singletask.check.icon" index="1"/><bitmap id="menu.singletask.check.icon.disable" imagelist="imagelist.singletask.check.icon" index="2"/></resource></XLUE>