<xlue><resource><imagelist id="plugin.item.list" vertical="0" varyblock="1" splitter="1" image="bitmap\mainwnd_share_hover.png"/><bitmap id="plugin.item.close.normal" imagelist="plugin.item.list" index="3"/><bitmap id="plugin.item.close.hover" imagelist="plugin.item.list" index="4"/><bitmap id="plugin.item.close.down" imagelist="plugin.item.list" index="5"/><texture id="item.bkg.hover" type="ThreeInOneH" imagelist="plugin.item.list" index="1"/><texture id="item.bkg.down" type="ThreeInOneH" imagelist="plugin.item.list" index="2"/><bitmap id="plugin.addplugin.btn" imagelist="plugin.item.list" index="13"/><texture id="addplugin.btn.hover" type="ThreeInOneH" imagelist="plugin.item.list" index="14"/><texture id="addplugin.btn.down" type="ThreeInOneH" imagelist="plugin.item.list" index="15"/><imagelist id="taskinfo.panel.setting" vertical="0" splitter="1" varyblock="1" image="bitmap\taskinfo.panel.setting.png"/><bitmap id="taskinfo.panel.setting.normal" imagelist="taskinfo.panel.setting" index="1"/><bitmap id="taskinfo.panel.setting.hover" imagelist="taskinfo.panel.setting" index="2"/><bitmap id="taskinfo.panel.setting.down" imagelist="taskinfo.panel.setting" index="3"/><imagelist id="taskinfo.panel.movebtn" vertical="0" splitter="1" varyblock="1" image="bitmap\taskinfo.panel.movebtn.png"/><bitmap id="taskinfo.panel.moveleft.normal" imagelist="taskinfo.panel.movebtn" index="1"/><bitmap id="taskinfo.panel.moveleft.hover" imagelist="taskinfo.panel.movebtn" index="2"/><bitmap id="taskinfo.panel.moveleft.down" imagelist="taskinfo.panel.movebtn" index="3"/><bitmap id="taskinfo.panel.moveright.normal" imagelist="taskinfo.panel.movebtn" index="4"/><bitmap id="taskinfo.panel.moveright.hover" imagelist="taskinfo.panel.movebtn" index="5"/><bitmap id="taskinfo.panel.moveright.down" imagelist="taskinfo.panel.movebtn" index="6"/><bitmap id="plugin.platform.addin.news" path="bitmap\plugin.platform.addin.news.png"/><texture id="taskinfopanel.tab.normal.new" type="ThreeInOneH" image="bitmap\taskinfo.tab.new.bkg.png"/><imagelist id="plugin.prompt.bkg" vertical="0" splitter="1" varyblock="1" image="bitmap\plugin.prompt.bkg.png"/><texture id="plugin.prompt.bkg.righttop" type="NineInOne" imagelist="plugin.prompt.bkg" index="1"/><texture id="plugin.prompt.bkg.lefttop" type="NineInOne" imagelist="plugin.prompt.bkg" index="2"/><texture id="plugin.prompt.bkg.leftbottom" type="NineInOne" imagelist="plugin.prompt.bkg" index="3"/><texture id="plugin.prompt.bkg.rightbottom" type="NineInOne" imagelist="plugin.prompt.bkg" index="4"/><imagelist id="plugin.prompt.close.btn" vertical="0" splitter="1" varyblock="1" image="bitmap\plugin.prompt.close.btn.png"/><bitmap id="plugin.prompt.close.btn.normal" imagelist="plugin.prompt.close.btn" index="1"/><bitmap id="plugin.prompt.close.btn.hover" imagelist="plugin.prompt.close.btn" index="2"/><bitmap id="plugin.prompt.close.btn.down" imagelist="plugin.prompt.close.btn" index="3"/><imagelist id="progress.point.ani.seq" vertical="0" varyblock="0" splitter="1" blocksize="9" image="bitmap\progress.point.ani.png"/><imageseq id="progress.point.ani" imagelist="progress.point.ani.seq"/><bitmap id="addin.install.new.icon" path="bitmap\addin.install.new.icon.png"/><imagelist id="pluginitem.bkg" vertical="0" splitter="1" varyblock="1" image="bitmap\imagelist.pluginitem.bkg.png"/><bitmap id="image.category.item.select" imagelist="pluginitem.bkg" index="1"/><bitmap id="image.category.item.hover" imagelist="pluginitem.bkg" index="2"/><bitmap id="image.category.item.down" imagelist="pluginitem.bkg" index="3"/><imagelist id="pluginitem.bkg2" vertical="0" splitter="1" varyblock="1" image="bitmap\imagelist.pluginitem.bkg2.png"/><bitmap id="pluginitem.left.hover" imagelist="pluginitem.bkg2" index="1"/><bitmap id="pluginitem.left.down" imagelist="pluginitem.bkg2" index="1"/><bitmap id="pluginitem.right.hover" imagelist="pluginitem.bkg2" index="3"/><bitmap id="pluginitem.right.down" imagelist="pluginitem.bkg2" index="3"/><bitmap id="pluginitem.right.normal" imagelist="pluginitem.bkg2" index="5"/><bitmap id="pluginitem.all.hover" imagelist="pluginitem.bkg2" index="6"/><bitmap id="pluginitem.all.down" imagelist="pluginitem.bkg2" index="6"/><imagelist id="imagelist.appmarket" vertical="0" splitter="1" varyblock="1" image="bitmap\imagelist.appmarket.png"/><bitmap id="image.appmarket.normal" imagelist="imagelist.appmarket" index="1"/><bitmap id="image.appmarket.hover" imagelist="imagelist.appmarket" index="2"/><imagelist id="imagelist.pluginitem.arraw" vertical="0" splitter="1" varyblock="1" image="bitmap\imagelist.pluginitem.arraw.png"/><bitmap id="image.pluginitem.arraw.normal" imagelist="imagelist.pluginitem.arraw" index="1"/><bitmap id="image.pluginitem.arraw.hover" imagelist="imagelist.pluginitem.arraw" index="2"/><bitmap id="image.pluginitem.normal.normal" imagelist="imagelist.pluginitem.arraw" index="3"/><bitmap id="image.pluginitem.normal.hover" imagelist="imagelist.pluginitem.arraw" index="4"/><imagelist id="imagelist.plugin.updown.kbg" vertical="0" splitter="1" varyblock="1" image="bitmap\imagelist.plugin.updown.kbg.png"/><texture id="texture.plugin.updown.kbg.normal" type="ThreeInOneH" imagelist="imagelist.plugin.updown.kbg" index="1"/><texture id="texture.plugin.updown.kbg.down" type="ThreeInOneH" imagelist="imagelist.plugin.updown.kbg" index="2"/><imagelist id="imagelist.plugin.updown.arraw" vertical="0" splitter="1" varyblock="1" image="bitmap\imagelist.plugin.updown.arraw.png"/><bitmap id="image.plugin.arraw.up.normal" imagelist="imagelist.plugin.updown.arraw" index="1"/><bitmap id="image.plugin.arraw.up.down" imagelist="imagelist.plugin.updown.arraw" index="2"/><bitmap id="image.plugin.arraw.down.normal" imagelist="imagelist.plugin.updown.arraw" index="3"/><bitmap id="image.plugin.arraw.down.down" imagelist="imagelist.plugin.updown.arraw" index="4"/><texture id="texture.commandregion.hightlight" type="NineInOne" image="bitmap\commandregion.hightlight.png"/><bitmap id="addin.update.icon" path="bitmap\addin.update.icon.png"/><texture id="texture.pluginpanel.tip.bkg" type="NineInOne" image="bitmap\pluginpanel.tip.bkg.png"/><bitmap id="image.pluginpanel.tip.icon" path="bitmap\pluginpanel.tip.icon.png"/><texture id="texture.pluginpanel.item.drag.bkg" type="NineInOne" image="bitmap\pluginpanel.item.drag.bkg.png"/><imagelist id="imagelist.taskinfo.panel.extra.btn" vertical="0" splitter="1" varyblock="1" image="bitmap\taskinfo.panel.extra.btn.png"/><bitmap id="taskinfo.panel.extra.btn.normal" imagelist="imagelist.taskinfo.panel.extra.btn" index="8"/><bitmap id="taskinfo.panel.extra.btn.hover" imagelist="imagelist.taskinfo.panel.extra.btn" index="9"/><bitmap id="taskinfo.panel.extra.btn.down" imagelist="imagelist.taskinfo.panel.extra.btn" index="10"/></resource></xlue>