<XLUE><resource><imagelist id="skinpanel.imagelist.select" splitter="1" vertical="0" varyblock="0" blocksize="79" image="bitmap\skinpanel.imagelist.select.png"/><bitmap id="skinpanel.item.normal" imagelist="skinpanel.imagelist.select" index="1"/><bitmap id="skinpanel.item.select" imagelist="skinpanel.imagelist.select" index="2"/><bitmap id="skinpanel.item.promotion" path="bitmap\skinpanel.item.promotion.png"/><bitmap id="skinpanel.item.promotion.sign" path="bitmap\skinpanel.item.promotion.sign.png"/><imagelist id="imagelist.skinpanel.colorscheme.select" splitter="1" vertical="0" varyblock="1" image="bitmap\skinpanel.colorscheme.select.png"/><texture id="skinpanel.colorscheme.select" type="NineInOne" imagelist="imagelist.skinpanel.colorscheme.select" index="2"/><bitmap id="skinpanel.splitter" path="bitmap\skinpanel.splitter.png"/><imagelist id="imagelist.skinpanel.btn.icon" splitter="1" vertical="0" varyblock="0" blocksize="19" image="bitmap\skinpanel.btn.icon.png"/><bitmap id="skinpanel.btn.edit" imagelist="imagelist.skinpanel.btn.icon" index="2"/><bitmap id="skinpanel.btn.add" imagelist="imagelist.skinpanel.btn.icon" index="1"/><texture id="bkg.whiteshadow.big" type="NineInOne" image="bitmap\bkg.whiteshadow.big.png"/><texture id="bkg.whiteshadow.mid" type="NineInOne" image="bitmap\bkg.whiteshadow.mid.png"/><texture id="bkg.whiteshadow.small" type="NineInOne" image="bitmap\bkg.whiteshadow.small.png"/><bitmap id="skinpanel.colorscheme.mask" path="bitmap\skinpanel.colorscheme.mask.png"/><texture id="skineditor.selectbox" type="NineInOne" path="bitmap\skineditor.selectbox.png"/><texture id="skinpanel.sliderbar.alpha" type="Stretch" image="bitmap\skinpanel.sliderbar.alpha.png"/><bitmap id="skinpanel.thumbnail.default" path="bitmap\skinpanel.thumbnail.default.png"/><bitmap id="skinpanel.listview.mask" path="bitmap\skinpanel.listview.mask.png"/><texture id="bkg.mask" type="NineInOne" image="bitmap\bkg.mask.png"/><texture id="bkg.border" drop="100" type="NineInOne" image="bitmap\bkg.border.png"/><texture id="bkg.shadow" drop="100" type="NineInOne" image="bitmap\bkg.shadow.png"/><texture id="bkg.border.black" drop="100" type="NineInOne" image="bitmap\bkg.border.black.png"/><texture id="bkg.shadow.black" drop="100" type="NineInOne" image="bitmap\bkg.shadow.black.png"/><texture id="bkg.bottombar" type="ThreeInOneH" image="bitmap\bkg.bottombar.png"/><texture id="bkg.flash" drop="100" type="NineInOne" image="bitmap\bkg.flash.png"/><imagelist id="imagelist.skinpanel.sliderbar.bkg" splitter="1" vertical="0" varyblock="1" image="bitmap\skinpanel.sliderbar.bkg.png"/><bitmap id="skinpanel.sliderbar.mainwnd.bkg" imagelist="imagelist.skinpanel.sliderbar.bkg" index="1"/><bitmap id="skinpanel.sliderbar.tasklist.bkg" imagelist="imagelist.skinpanel.sliderbar.bkg" index="2"/><imagelist id="imagelist.skinpanel.sliderbar.btn" splitter="1" vertical="0" varyblock="1" image="bitmap\skinpanel.sliderbar.btn.png"/><texture id="skinpanel.sliderbar.btn.normal" imagelist="imagelist.skinpanel.sliderbar.btn" index="1"/><texture id="skinpanel.sliderbar.btn.hover" imagelist="imagelist.skinpanel.sliderbar.btn" index="2"/><imagelist id="imagelist.skinpanel.del.and.edit" splitter="1" vertical="0" varyblock="1" image="bitmap\skinpanel.imagelist.del.and.edit.png"/><bitmap id="skinpanel.item.edit.normal" imagelist="imagelist.skinpanel.del.and.edit" index="4"/><bitmap id="skinpanel.item.edit.hover" imagelist="imagelist.skinpanel.del.and.edit" index="5"/><bitmap id="skinpanel.item.edit.down" imagelist="imagelist.skinpanel.del.and.edit" index="6"/><bitmap id="skinpanel.delete.normal" imagelist="imagelist.skinpanel.del.and.edit" index="1"/><bitmap id="skinpanel.delete.hover" imagelist="imagelist.skinpanel.del.and.edit" index="2"/><bitmap id="skinpanel.delete.down" imagelist="imagelist.skinpanel.del.and.edit" index="3"/><imagelist id="imagelist.skinpanel.auto.set" splitter="1" vertical="0" varyblock="1" image="bitmap\imagelist.skinpanel.auto.set.png"/><bitmap id="skinpanel.auto.set.normal" imagelist="imagelist.skinpanel.auto.set" index="1"/><bitmap id="skinpanel.auto.set.down" imagelist="imagelist.skinpanel.auto.set" index="2"/><color id="bkg.shading.top" value="#f9fafb"/><color id="bkg.shading.bottom" value="#f1f4f6"/><imagelist id="skinpanel.edit.opt" splitter="1" vertical="0" blocksize="29" varyblock="0" image="bitmap\skinpanel.edit.opt.png"/><bitmap id="edit.rotate.left.normal" imagelist="skinpanel.edit.opt" index="1"/><bitmap id="edit.rotate.left.hover" imagelist="skinpanel.edit.opt" index="2"/><bitmap id="edit.rotate.left.down" imagelist="skinpanel.edit.opt" index="3"/><bitmap id="edit.rotate.left.disable" imagelist="skinpanel.edit.opt" index="1"/><bitmap id="edit.rotate.right.normal" imagelist="skinpanel.edit.opt" index="4"/><bitmap id="edit.rotate.right.hover" imagelist="skinpanel.edit.opt" index="5"/><bitmap id="edit.rotate.right.down" imagelist="skinpanel.edit.opt" index="6"/><bitmap id="edit.rotate.right.disable" imagelist="skinpanel.edit.opt" index="4"/><bitmap id="edit.reversal.normal" imagelist="skinpanel.edit.opt" index="7"/><bitmap id="edit.reversal.hover" imagelist="skinpanel.edit.opt" index="8"/><bitmap id="edit.reversal.down" imagelist="skinpanel.edit.opt" index="9"/><bitmap id="edit.reversal.disable" imagelist="skinpanel.edit.opt" index="7"/><texture id="skinpanel.edit.img.bkg" type="NineInOne" image="bitmap\edit.area.bkg.png"/><texture id="skinpanel.edit.left.bkg" type="NineInOne" image="bitmap\skinpanel.edit.left.bkg.png"/><texture id="skinpanel.edit.separator.line" type="Fill" image="bitmap\skinpanel.edit.line.png"/><bitmap id="skinpanel.edit.add" path="bitmap\skinpanel.edit.add.png"/><imagelist id="skinpanel.eidt.tab.list" splitter="1" vertical="0" varyblock="1" image="bitmap\skinpanel.eidt.tab.list.png"/><texture id="skinpanel.eidt.tab.normal" type="ThreeInOneH" imagelist="skinpanel.eidt.tab.list" index="1"/><texture id="skinpanel.eidt.tab.hover" type="ThreeInOneH" imagelist="skinpanel.eidt.tab.list" index="2"/><texture id="skinpanel.eidt.tab.down" type="ThreeInOneH" imagelist="skinpanel.eidt.tab.list" index="3"/><texture id="skinpanel.eidt.tab.sel" type="ThreeInOneH" imagelist="skinpanel.eidt.tab.list" index="3"/><texture id="skinpanel.eidt.tab.line" type="Fill" image="bitmap\skinpanel.eidt.tab.line.png"/><texture id="skinpanel.edit.drag.dot" image="bitmap\skinpanel.edit.drag.simulaotr.dot.png"/><texture id="skinpanel.edit.drag.simulaotr" type="NineInOne" image="bitmap\skinpanel.edit.drag.simulaotr.png"/><imagelist id="imagelist.skinpanel.color.block" splitter="1" vertical="0" varyblock="0" blocksize="40" image="bitmap\skinpanel.imagelist.color.block.png"/><bitmap id="skinpanel.color.block.blue" imagelist="imagelist.skinpanel.color.block" index="1"/><bitmap id="skinpanel.color.block.cyan" imagelist="imagelist.skinpanel.color.block" index="2"/><bitmap id="skinpanel.color.block.red" imagelist="imagelist.skinpanel.color.block" index="5"/><bitmap id="skinpanel.color.block.green" imagelist="imagelist.skinpanel.color.block" index="7"/><bitmap id="skinpanel.color.block.yellow" imagelist="imagelist.skinpanel.color.block" index="6"/><bitmap id="skinpanel.color.block.pink" imagelist="imagelist.skinpanel.color.block" index="4"/><bitmap id="skinpanel.color.block.violet" imagelist="imagelist.skinpanel.color.block" index="3"/><bitmap id="skinpanel.color.block.gray" imagelist="imagelist.skinpanel.color.block" index="8"/><imagelist id="imagelist.skinpanel.opt" splitter="1" vertical="0" varyblock="1" image="bitmap\skinpanel.imagelist.opt.png"/><bitmap id="skinpanel.opt.skincenter.normal" imagelist="imagelist.skinpanel.opt" index="1"/><bitmap id="skinpanel.opt.skincenter.disable" imagelist="imagelist.skinpanel.opt" index="2"/><bitmap id="skinpanel.opt.editbkg.normal" imagelist="imagelist.skinpanel.opt" index="3"/><bitmap id="skinpanel.opt.editbkg.disable" imagelist="imagelist.skinpanel.opt" index="4"/><bitmap id="skinpanel.opt.mgr.normal" imagelist="imagelist.skinpanel.opt" index="5"/><bitmap id="skinpanel.opt.mgr.disable" imagelist="imagelist.skinpanel.opt" index="6"/><imagelist id="imagelist.skinpanel.opt.state" splitter="1" vertical="0" varyblock="1" image="bitmap\skinpanel.imagelist.opt.state.png"/><texture id="skinpanel.opt.state.normal" type="ThreeInOneH" imagelist="imagelist.skinpanel.opt.state" index="1"/><imagelist id="imagelist.skinpanel.opt.state2" splitter="1" vertical="0" varyblock="1" image="bitmap\skinpanel.imagelist.opt.state2.png"/><texture id="skinpanel.opt.state.hover" type="ThreeInOneH" imagelist="imagelist.skinpanel.opt.state2" index="1"/><texture id="skinpanel.opt.state.down" type="ThreeInOneH" imagelist="imagelist.skinpanel.opt.state2" index="2"/><imagelist id="imagelist.skinpanel.button.state" splitter="1" vertical="0" varyblock="1" image="bitmap\skinpanel.imagelist.button.state.png"/><texture id="skinpanel.button.state.hover" type="ThreeInOneH" imagelist="imagelist.skinpanel.button.state" index="1"/><texture id="skinpanel.button.state.down" type="ThreeInOneH" imagelist="imagelist.skinpanel.button.state" index="2"/></resource></XLUE>