<XLUE><resource><texture id="texture.tasklist.group.bkg" type="ThreeInOneH" image="bitmap\tasklist.group.bkg.png"/><texture id="texture.dragitem.bkg" type="NineInOne" image="bitmap\dragitem_bkg.png"/><texture id="texture.dragitem.tip.bkg" type="ThreeInOneH" image="bitmap\mainwnd_bkg_tip.png"/><bitmap id="bitmap.dragitem.status.none" image="bitmap\dragitem_status_none.png"/><texture id="texture.tasklist.bkg" type="NineInOne" image="bitmap\tasklist_bkg.png"/><texture id="texture.tasklist.select" type="NineInOne" image="bitmap\tasklist_select.png"/><texture id="texture.tasklist.greymask" image="bitmap\tasklist_greymask.png"/><texture id="texture.tasklist.alphashowmask" image="bitmap\tasklist_alphashowmask.png"/><texture id="texture.tasklist.progress.white" type="ThreeInOneH" image="bitmap\Progress_white.png"/><texture id="texture.tasklist.progress.blue" type="ThreeInOneH" image="bitmap\Progress_blue.png"/><texture id="texture.tasklist.item.bk" type="NineInOne" image="bitmap\task_item_bk.png"/><texture id="texture.tasklist.select_item.bk" type="NineInOne" image="bitmap\task_select_item_bk.png"/><imagelist id="imagelist.tasklist.status" splitter="1" vertical="0" varyblock="1" image="bitmap\taskstatus_icon.png"/><bitmap id="bitmap.tasklist.status.succeed" imagelist="imagelist.tasklist.status" index="1"/><bitmap id="bitmap.tasklist.status.downloading" imagelist="imagelist.tasklist.status" index="2"/><bitmap id="bitmap.tasklist.status.pause" imagelist="imagelist.tasklist.status" index="3"/><bitmap id="bitmap.tasklist.status.fail" imagelist="imagelist.tasklist.status" index="4"/><bitmap id="bitmap.tasklist.status.uploading" imagelist="imagelist.tasklist.status" index="5"/><bitmap id="bitmap.tasklist.status.waiting" imagelist="imagelist.tasklist.status" index="6"/><bitmap id="bitmap.tasklist.status.vip_downloading" imagelist="imagelist.tasklist.status" index="7"/><bitmap id="bitmap.tasklist.status.writing" imagelist="imagelist.tasklist.status" index="7"/><bitmap id="bitmap.tasklist.task.notexist" image="bitmap\bitmap.tasklist.task.notexist.png"/><imagelist id="imagelist.tasklist.icon" splitter="1" vertical="0" blocksize="17" varyblock="0" image="bitmap\tasklist_icon.png"/><bitmap id="bitmap.tasklist.scan_button.icon" imagelist="imagelist.tasklist.icon" index="1"/><bitmap id="bitmap.tasklist.offline_download_button.icon" imagelist="imagelist.tasklist.icon" index="2"/><bitmap id="bitmap.tasklist.vip_download_button.icon" imagelist="imagelist.tasklist.icon" index="3"/><texture id="texture.tasklist.localsearch.bkg" type="ThreeInOneH" image="bitmap\texture.localsearch.bkg.png"/><bitmap id="bitmap.tasklist.localsearch.number.bkg" image="bitmap\bitmap.localsearch.number.bkg.png"/><texture id="texture.tasklist.filename.mark.bkg" type="ThreeInOneH" image="bitmap\texture.tasklist.filename.mark.bkg.png"/><imagelist id="imagelist.tasklist.localsearch.btn.bkg" splitter="1" vertical="0" blocksize="56" varyblock="0" image="bitmap\imagelist.localsearch.btn.bkg.png"/><texture id="texture.tasklist.localsearch.btn.normal" type="ThreeInOneH" imagelist="imagelist.tasklist.localsearch.btn.bkg" index="1"/><texture id="texture.tasklist.localsearch.btn.hover" type="ThreeInOneH" imagelist="imagelist.tasklist.localsearch.btn.bkg" index="2"/><texture id="texture.tasklist.localsearch.btn.down" type="ThreeInOneH" imagelist="imagelist.tasklist.localsearch.btn.bkg" index="3"/><texture id="texture.tasklist.localsearch.btn.disable" type="ThreeInOneH" imagelist="imagelist.tasklist.localsearch.btn.bkg" index="4"/><imagelist id="imagelist.tasklist.localsearch.close" splitter="1" vertical="0" blocksize="11" varyblock="0" image="bitmap\imagelist.localsearch.close.png"/><texture id="bitmap.tasklist.localsearch.close.normal" type="Stretch" imagelist="imagelist.tasklist.localsearch.close" index="1"/><texture id="bitmap.tasklist.localsearch.close.hover" type="Stretch" imagelist="imagelist.tasklist.localsearch.close" index="2"/><texture id="bitmap.tasklist.localsearch.close.down" type="Stretch" imagelist="imagelist.tasklist.localsearch.close" index="3"/><texture id="texture.tasklist.localsearch.edit.bkg" type="ThreeInOneH" image="bitmap\texture.localsearch.edit.bkg.png"/><bitmap id="bitmap.tasklist.drag.tip_line" image="bitmap\task_list_drag_tip.png"/></resource></XLUE>