<XLUE><resource><color id="color.tasklist.effect.blcak" value="#000000"/><color id="color.tasklist.effect.white" value="#FFFFFFFF"/><color id="color.tasklist.text.normal" red="99" green="99" blue="99" alpha="255"/><color id="color.tasklist.filename.normal" red="0" green="0" blue="0" alpha="255"/><color id="color.tasklist.text.disable" red="204" green="211" blue="214" alpha="255"/><color id="color.tasklist.text.select" red="0" green="0" blue="0" alpha="255"/><color id="color.tasklist.fileName.mark.bkg" red="255" green="255" blue="150" alpha="255"/><color id="color.tasklist.localsearch.number.bkg" red="255" green="229" blue="229" alpha="255"/><color id="taskstatus.error" blue="0" green="0" red="255" alpha="255"/><color id="taskstatus.noerror" blue="107" green="107" red="107" alpha="255"/><color id="color.newtask.text" red="61" green="64" blue="67" alpha="255"/><color id="newtask.top" value="#7aa2f1"/><color id="newtask.bottom" value="#e9f2fa"/><color id="color.newtask.space.yellow" value="#f39800" alpha="255"/><color id="color.newtask.space.red" value="#e60012" alpha="255"/><color id="color.newtask.space.grey" value="#0084ff" alpha="255"/></resource></XLUE>