<XLUE><resource><texture id="texture.taskinfopanel.action.bkg" type="ThreeInOneV" path="thunder_bitmap\taskinfopanel.action.bkg.png"/><bitmap id="bitmap.taskinfopanel.action.hide" path="thunder_bitmap\taskinfopanel.action.hide.png"/><bitmap id="bitmap.taskinfopanel.action.expand" path="thunder_bitmap\taskinfopanel.action.expand.png"/><texture id="texture.taskmgr.leftbkg" type="ThreeInOneV" image="thunder_bitmap\leftbkg.png"/><texture id="texture.taskmgr.leftbkgshadow" type="ThreeInOneV" image="thunder_bitmap\leftbkgshadow.png"/><imagelist id="imagelist.cateorycontainer.expand" vertical="0" splitter="1" varyblock="1" image="thunder_bitmap\cateorycontainer.expand.png"/><bitmap id="cateorycontainer.expand.normal" imagelist="imagelist.cateorycontainer.expand" index="1"/><bitmap id="cateorycontainer.expand.hover" imagelist="imagelist.cateorycontainer.expand" index="2"/><imagelist id="imagelist.cateorycontainer.unexpand" vertical="0" splitter="1" varyblock="1" image="thunder_bitmap\cateorycontainer.unexpand.png"/><bitmap id="cateorycontainer.unexpand.normal" imagelist="imagelist.cateorycontainer.unexpand" index="1"/><bitmap id="cateorycontainer.unexpand.hover" imagelist="imagelist.cateorycontainer.unexpand" index="2"/><imagelist id="imagelist.extendmenu" vertical="0" splitter="1" varyblock="1" image="thunder_bitmap\imagelist.extendmenu.png"/><bitmap id="categorycontainer.extendmenu.normal" imagelist="imagelist.extendmenu" index="1"/><bitmap id="categorycontainer.extendmenu.hover" imagelist="imagelist.extendmenu" index="2"/><bitmap id="categorycontainer.extendmenu.down" imagelist="imagelist.extendmenu" index="3"/><imagelist id="imagelist.cateorycontainer.expand.ani" splitter="1" vertical="0" varyblock="0" blocksize="9" image="thunder_bitmap\cateorycontainer.expand.ani.png"/><imageseq id="cateorycontainer.expand.ani" imagelist="imagelist.cateorycontainer.expand.ani"/><imagelist id="imagelist.mydl.title" vertical="0" splitter="1" varyblock="1" image="thunder_bitmap\mydl.title.png"/><bitmap id="mydl.title.normal" imagelist="imagelist.mydl.title" index="1"/><bitmap id="mydl.title.hover" imagelist="imagelist.mydl.title" index="2"/><imagelist id="imagelist.myapp.title" vertical="0" splitter="1" varyblock="1" image="thunder_bitmap\myapp.title.png"/><bitmap id="myapp.title.normal" imagelist="imagelist.myapp.title" index="1"/><bitmap id="myapp.title.hover" imagelist="imagelist.myapp.title" index="2"/><texture id="texture.savetime.clock.normal" type="ThreeInOneH" image="thunder_bitmap\imagelist.savetime.clock.png"/><texture id="texture.savetime.clock.hover" type="ThreeInOneH" image="thunder_bitmap\imagelist.savetime.clock.png"/><texture id="texture.savetime.clock.down" type="ThreeInOneH" image="thunder_bitmap\imagelist.savetime.clock.png"/><bitmap id="bitmap.foder.icon" path="thunder_bitmap\bitmap.foder.icon.png"/></resource></XLUE>