<XLUE><resource><imagelist id="imagelist.mainwnd.toolbar.open_file" splitter="1" vertical="0" varyblock="0" blocksize="38" image="thunder_bitmap\imagelist.toolbar.run.png"/><bitmap id="bitmap.mainwnd.toolbar.button.icon.open_file.disable" imagelist="imagelist.mainwnd.toolbar.open_file" index="2"/><bitmap id="bitmap.mainwnd.toolbar.button.icon.open_file.normal" imagelist="imagelist.mainwnd.toolbar.open_file" index="1"/><imagelist id="imagelist.run.ani" splitter="1" vertical="0" varyblock="0" blocksize="38" image="thunder_bitmap\imagelist.run.ani.png"/><imageseq id="run.ani" imagelist="imagelist.run.ani"/><imagelist id="imagelist.mainwnd.toolbar.open_folder" splitter="1" vertical="0" varyblock="0" blocksize="38" image="thunder_bitmap\imagelist.toolbar.openfolder.png"/><bitmap id="bitmap.mainwnd.toolbar.button.icon.open_folder.disable" imagelist="imagelist.mainwnd.toolbar.open_folder" index="2"/><bitmap id="bitmap.mainwnd.toolbar.button.icon.open_folder.normal" imagelist="imagelist.mainwnd.toolbar.open_folder" index="1"/><imagelist id="imagelist.openfolder.ani" splitter="1" vertical="0" varyblock="0" blocksize="38" image="thunder_bitmap\imagelist.open.folder.ani.png"/><imageseq id="openfolder.ani" imagelist="imagelist.openfolder.ani"/><imagelist id="imagelist.mainwnd.toolbar.new" splitter="1" vertical="0" varyblock="0" blocksize="38" image="thunder_bitmap\imagelist.toolbar.new.png"/><bitmap id="bitmap.mainwnd.toolbar.button.icon.new.disable" imagelist="imagelist.mainwnd.toolbar.new" index="2"/><bitmap id="bitmap.mainwnd.toolbar.button.icon.new.normal" imagelist="imagelist.mainwnd.toolbar.new" index="1"/><imagelist id="imagelist.newtask.ani" splitter="1" vertical="0" varyblock="0" blocksize="38" image="thunder_bitmap\imagelist.newtask.ani.png"/><imageseq id="newtask.ani" imagelist="imagelist.newtask.ani"/><imagelist id="imagelist.mainwnd.toolbar.share" splitter="1" vertical="0" varyblock="0" blocksize="38" image="thunder_bitmap\imagelist.toolbar.share.png"/><bitmap id="bitmap.mainwnd.toolbar.button.icon.share.disable" imagelist="imagelist.mainwnd.toolbar.share" index="2"/><bitmap id="bitmap.mainwnd.toolbar.button.icon.share.normal" imagelist="imagelist.mainwnd.toolbar.share" index="1"/><imagelist id="imagelist.share.ani" splitter="1" vertical="0" varyblock="0" blocksize="38" image="thunder_bitmap\imagelist.share.ani.png"/><imageseq id="share.ani" imagelist="imagelist.share.ani"/><imagelist id="imagelist.mainwnd.toolbar.singletask" splitter="1" vertical="0" varyblock="0" blocksize="38" image="thunder_bitmap\imagelist.toolbar.singletask.png"/><bitmap id="bitmap.mainwnd.toolbar.button.icon.singletask.disable" imagelist="imagelist.mainwnd.toolbar.singletask" index="2"/><bitmap id="bitmap.mainwnd.toolbar.button.icon.singletask.normal" imagelist="imagelist.mainwnd.toolbar.singletask" index="1"/><imagelist id="imagelist.singletask.ani" splitter="1" vertical="0" varyblock="0" blocksize="38" image="thunder_bitmap\imagelist.singletask.ani.png"/><imageseq id="singletask.ani" imagelist="imagelist.singletask.ani"/><imagelist id="imagelist.mainwnd.toolbar.sort" splitter="1" vertical="0" varyblock="0" blocksize="38" image="thunder_bitmap\imagelist.toolbar.sort.png"/><bitmap id="bitmap.mainwnd.toolbar.button.icon.sort.disable" imagelist="imagelist.mainwnd.toolbar.sort" index="2"/><bitmap id="bitmap.mainwnd.toolbar.button.icon.sort.normal" imagelist="imagelist.mainwnd.toolbar.sort" index="1"/><imagelist id="imagelist.sort.ani" splitter="1" vertical="0" varyblock="0" blocksize="38" image="thunder_bitmap\imagelist.sort.ani.png"/><imageseq id="sort.ani" imagelist="imagelist.sort.ani"/><imagelist id="imagelist.mainwnd.toolbar.start" splitter="1" vertical="0" varyblock="0" blocksize="38" image="thunder_bitmap\imagelist.toolbar.start.png"/><bitmap id="bitmap.mainwnd.toolbar.button.icon.start.disable" imagelist="imagelist.mainwnd.toolbar.start" index="2"/><bitmap id="bitmap.mainwnd.toolbar.button.icon.start.normal" imagelist="imagelist.mainwnd.toolbar.start" index="1"/><imagelist id="imagelist.starttask.ani" splitter="1" vertical="0" varyblock="0" blocksize="38" image="thunder_bitmap\imagelist.start.ani.png"/><imageseq id="starttask.ani" imagelist="imagelist.starttask.ani"/><imagelist id="imagelist.mainwnd.toolbar.empty" splitter="1" vertical="0" varyblock="0" blocksize="38" image="thunder_bitmap\imagelist.toolbar.empty.png"/><bitmap id="bitmap.mainwnd.toolbar.button.icon.empty.disable" imagelist="imagelist.mainwnd.toolbar.empty" index="2"/><bitmap id="bitmap.mainwnd.toolbar.button.icon.empty.normal" imagelist="imagelist.mainwnd.toolbar.empty" index="1"/><imagelist id="imagelist.empty.ani" splitter="1" vertical="0" varyblock="0" blocksize="38" image="thunder_bitmap\imagelist.empty.ani.png"/><imageseq id="empty.ani" imagelist="imagelist.empty.ani"/><imagelist id="imagelist.mainwnd.toolbar.delete" splitter="1" vertical="0" varyblock="0" blocksize="38" image="thunder_bitmap\imagelist.toolbar.delete.png"/><bitmap id="bitmap.mainwnd.toolbar.button.icon.delete.disable" imagelist="imagelist.mainwnd.toolbar.delete" index="2"/><bitmap id="bitmap.mainwnd.toolbar.button.icon.delete.normal" imagelist="imagelist.mainwnd.toolbar.delete" index="1"/><imagelist id="imagelist.delete.ani" splitter="1" vertical="0" varyblock="0" blocksize="38" image="thunder_bitmap\imagelist.delete.ani.png"/><imageseq id="deletetask.ani" imagelist="imagelist.delete.ani"/><imagelist id="imagelist.mainwnd.toolbar.completedelete" splitter="1" vertical="0" varyblock="0" blocksize="38" image="thunder_bitmap\imagelist.toolbar.completedelete.png"/><bitmap id="bitmap.mainwnd.toolbar.button.icon.completedelete.disable" imagelist="imagelist.mainwnd.toolbar.completedelete" index="2"/><bitmap id="bitmap.mainwnd.toolbar.button.icon.completedelete.normal" imagelist="imagelist.mainwnd.toolbar.completedelete" index="1"/><imagelist id="imagelist.completedelete.ani" splitter="1" vertical="0" varyblock="0" blocksize="38" image="thunder_bitmap\imagelist.completedelete.ani.png"/><imageseq id="completedeletedeletetask.ani" imagelist="imagelist.completedelete.ani"/><imagelist id="imagelist.mainwnd.toolbar.config" splitter="1" vertical="0" varyblock="0" blocksize="38" image="thunder_bitmap\imagelist.toolbar.config.png"/><bitmap id="bitmap.mainwnd.toolbar.button.icon.config.disable" imagelist="imagelist.mainwnd.toolbar.config" index="2"/><bitmap id="bitmap.mainwnd.toolbar.button.icon.config.normal" imagelist="imagelist.mainwnd.toolbar.config" index="1"/><imagelist id="imagelist.config.ani" splitter="1" vertical="0" varyblock="0" blocksize="38" image="thunder_bitmap\imagelist.config.ani.png"/><imageseq id="config.ani" imagelist="imagelist.config.ani"/><imagelist id="imagelist.mainwnd.toolbar.stop" splitter="1" vertical="0" varyblock="0" blocksize="38" image="thunder_bitmap\imagelist.toolbar.stop.png"/><bitmap id="bitmap.mainwnd.toolbar.button.icon.stop.disable" imagelist="imagelist.mainwnd.toolbar.stop" index="2"/><bitmap id="bitmap.mainwnd.toolbar.button.icon.stop.normal" imagelist="imagelist.mainwnd.toolbar.stop" index="1"/><imagelist id="imagelist.stop.ani" splitter="1" vertical="0" varyblock="0" blocksize="38" image="thunder_bitmap\imagelist.pause.ani.png"/><imageseq id="stoptask.ani" imagelist="imagelist.stop.ani"/><imagelist id="imagelist.mainwnd.toolbar.private" splitter="1" vertical="0" varyblock="0" blocksize="38" image="thunder_bitmap\imagelist.toolbar.private.png"/><bitmap id="bitmap.mainwnd.toolbar.button.icon.private.disable" imagelist="imagelist.mainwnd.toolbar.private" index="2"/><bitmap id="bitmap.mainwnd.toolbar.button.icon.private.normal" imagelist="imagelist.mainwnd.toolbar.private" index="1"/><imagelist id="imagelist.private.ani" splitter="1" vertical="0" varyblock="0" blocksize="38" image="thunder_bitmap\imagelist.private.ani.png"/><imageseq id="private.ani" imagelist="imagelist.private.ani"/><imagelist id="toolbar.expand.btn" splitter="1" vertical="0" varyblock="1" image="thunder_bitmap\toolbar.expand.btn.png"/><bitmap id="toolbar.expand.btn.normal" imagelist="toolbar.expand.btn" index="1"/><bitmap id="toolbar.expand.btn.disable" imagelist="toolbar.expand.btn" index="2"/><imagelist id="imagelist.expand.ani" splitter="1" vertical="0" varyblock="0" blocksize="12" image="thunder_bitmap\imagelist.expand.ani.png"/><imageseq id="expand.ani" imagelist="imagelist.expand.ani"/><imagelist id="imagelist.toolbarmenu.ani" splitter="1" vertical="0" varyblock="0" blocksize="38" image="thunder_bitmap\imagelist.toolbar.downloadmenu.ani.png"/><imageseq id="toolbarmenu.ani" imagelist="imagelist.toolbarmenu.ani"/><imagelist id="toolbar.menu.btn" splitter="1" vertical="0" varyblock="0" blocksize="38" image="thunder_bitmap\toolbar.menu.btn.png"/><bitmap id="toolbar.menu.btn.normal" imagelist="toolbar.menu.btn" index="1"/><bitmap id="toolbar.menu.btn.disable" imagelist="toolbar.menu.btn" index="2"/><imagelist id="imagelist.mainwnd.toolbar.restore" splitter="1" vertical="0" varyblock="0" blocksize="38" image="thunder_bitmap\imagelist.toolbar.restore.png"/><bitmap id="bitmap.mainwnd.toolbar.button.icon.restore.disable" imagelist="imagelist.mainwnd.toolbar.restore" index="2"/><bitmap id="bitmap.mainwnd.toolbar.button.icon.restore.normal" imagelist="imagelist.mainwnd.toolbar.restore" index="1"/><imagelist id="imagelist.restore.ani" splitter="1" vertical="0" varyblock="0" blocksize="38" image="thunder_bitmap\imagelist.restore.ani.png"/><imageseq id="restore.ani" imagelist="imagelist.restore.ani"/><texture id="texture.mainwnd.toolbar.light" type="NineInOne" image="thunder_bitmap\toolbar_texture.light.png"/><bitmap id="menu.private.icon" path="thunder_bitmap\toolbar.menu.private.png"/><bitmap id="platform.toolbar.menu.icon" path="thunder_bitmap\platform.toolbar.small.icon.png"/><bitmap id="toolbar.setting.menu" path="thunder_bitmap\toolbar.setting.menu.png"/><imagelist id="toolbar.setting.btn.img" splitter="1" vertical="0" varyblock="1" image="thunder_bitmap\toolbar.setting.btn.img.png"/><bitmap id="toolbar.setting.btn.up" imagelist="toolbar.setting.btn.img" index="1"/><bitmap id="toolbar.setting.btn.down" imagelist="toolbar.setting.btn.img" index="2"/><imagelist id="toolbar.setting.btn.bkg" splitter="1" vertical="0" varyblock="1" image="thunder_bitmap\toolbar.setting.btn.bkg.png"/><texture id="toolbar.setting.btn.bkg.normal" type="ThreeInOneH" imagelist="toolbar.setting.btn.bkg" index="1"/><texture id="toolbar.setting.btn.bkg.hover" type="ThreeInOneH" imagelist="toolbar.setting.btn.bkg" index="2"/><texture id="toolbar.setting.btn.bkg.down" type="ThreeInOneH" imagelist="toolbar.setting.btn.bkg" index="3"/><bitmap id="bitmap.completedelete.icon" path="thunder_bitmap\bitmap.completedelete.icon.png"/><bitmap id="bitmap.delete.icon" path="thunder_bitmap\bitmap.delete.icon.png"/></resource></XLUE>