<XLUE><resource><texture id="texture.mainwnd.toolbar.bkg" type="ThreeInOneH" image="bitmap\toolbar_bkg.png"/><texture id="texture.mainwnd.toolbar.bkg2" type="ThreeInOneH" image="bitmap\middletop.png"/><texture id="webbrowser.toolbar.bkg" type="ThreeInOneH" image="bitmap\webbrowser.toolbar.bkg.png"/><imagelist id="imagelist.mainwnd.toolbar.btn" splitter="1" vertical="0" varyblock="1" image="bitmap\toolbar_btn.png"/><imagelist id="imagelist.webbrowser.back" vertical="0" splitter="1" varyblock="0" blocksize="38" image="bitmap\imagelist.webbrowser.back.png"/><bitmap id="bitmap.webbrowser.back.nor" imagelist="imagelist.webbrowser.back" index="1"/><bitmap id="bitmap.webbrowser.back.disable" imagelist="imagelist.webbrowser.back" index="2"/><imagelist id="imagelist.webbrowser.back.ani" splitter="1" vertical="0" varyblock="0" blocksize="38" image="bitmap\imagelist.webbrowser.back.ani.png"/><imageseq id="webbrowser.back.ani" imagelist="imagelist.webbrowser.back.ani"/><imagelist id="imagelist.webbrowser.front" vertical="0" splitter="1" varyblock="0" blocksize="38" image="bitmap\imagelist.webbrowser.front.png"/><bitmap id="bitmap.webbrowser.front.nor" imagelist="imagelist.webbrowser.front" index="1"/><bitmap id="bitmap.webbrowser.front.disable" imagelist="imagelist.webbrowser.front" index="2"/><imagelist id="imagelist.webbrowser.front.ani" splitter="1" vertical="0" varyblock="0" blocksize="38" image="bitmap\imagelist.webbrowser.front.ani.png"/><imageseq id="webbrowser.front.ani" imagelist="imagelist.webbrowser.front.ani"/><imagelist id="imagelist.webbrowser.refresh" vertical="0" splitter="1" varyblock="0" blocksize="38" image="bitmap\imagelist.webbrowser.refresh.png"/><bitmap id="bitmap.webbrowser.refresh.nor" imagelist="imagelist.webbrowser.refresh" index="1"/><bitmap id="bitmap.webbrowser.refresh.disable" imagelist="imagelist.webbrowser.refresh" index="2"/><imagelist id="imagelist.webbrowser.refresh.ani" splitter="1" vertical="0" varyblock="0" blocksize="38" image="bitmap\imagelist.webbrowser.refresh.ani.png"/><imageseq id="webbrowser.refresh.ani" imagelist="imagelist.webbrowser.refresh.ani"/><imagelist id="imagelist.webbrowser.urlstate" vertical="0" splitter="1" varyblock="0" blocksize="38" image="bitmap\imagelist.webbrowser.urlstate.png"/><bitmap id="bitmap.webbrowser.urlstate.nor" imagelist="imagelist.webbrowser.urlstate" index="1"/><bitmap id="bitmap.webbrowser.urlstate.disable" imagelist="imagelist.webbrowser.urlstate" index="2"/><imagelist id="imagelist.webbrowser.urlstate.ani" splitter="1" vertical="0" varyblock="0" blocksize="38" image="bitmap\imagelist.webbrowser.urlstate.ani.png"/><imageseq id="webbrowser.urlstate.ani" imagelist="imagelist.webbrowser.urlstate.ani"/><imagelist id="imagelist.webbrowser.home" vertical="0" splitter="1" varyblock="0" blocksize="38" image="bitmap\imagelist.webbrowser.home.png"/><bitmap id="bitmap.webbrowser.home.nor" imagelist="imagelist.webbrowser.home" index="1"/><bitmap id="bitmap.webbrowser.home.disable" imagelist="imagelist.webbrowser.home" index="2"/><imagelist id="imagelist.webbrowser.home.ani" splitter="1" vertical="0" varyblock="0" blocksize="38" image="bitmap\imagelist.webbrowser.home.ani.png"/><imageseq id="webbrowser.home.ani" imagelist="imagelist.webbrowser.home.ani"/><imagelist id="imagelist.webbrowser.stop" vertical="0" splitter="1" varyblock="0" blocksize="38" image="bitmap\imagelist.webbrowser.stop.png"/><bitmap id="bitmap.webbrowser.stop.nor" imagelist="imagelist.webbrowser.stop" index="1"/><bitmap id="bitmap.webbrowser.stop.disable" imagelist="imagelist.webbrowser.stop" index="2"/><imagelist id="imagelist.webbrowser.stop.ani" splitter="1" vertical="0" varyblock="0" blocksize="38" image="bitmap\imagelist.webbrowser.stop.ani.png"/><imageseq id="webbrowser.stop.ani" imagelist="imagelist.webbrowser.stop.ani"/><imagelist id="imagelist.webbrowser.shortcut" vertical="0" splitter="1" varyblock="0" blocksize="38" image="bitmap\imagelist.webbrowser.shortcut.png"/><bitmap id="bitmap.webbrowser.shortcut.nor" imagelist="imagelist.webbrowser.shortcut" index="1"/><bitmap id="bitmap.webbrowser.shortcut.disable" imagelist="imagelist.webbrowser.shortcut" index="2"/><imagelist id="imagelist.webbrowser.shortcut.ani" splitter="1" vertical="0" varyblock="0" blocksize="38" image="bitmap\imagelist.webbrowser.shortcut.ani.png"/><imageseq id="webbrowser.shortcut.ani" imagelist="imagelist.webbrowser.shortcut.ani"/><imagelist id="imagelist.webbrowser.backthunder" vertical="0" splitter="1" varyblock="0" blocksize="38" image="bitmap\imagelist.webbrowser.backthunder.png"/><bitmap id="bitmap.webbrowser.backthunder.nor" imagelist="imagelist.webbrowser.backthunder" index="1"/><bitmap id="bitmap.webbrowser.backthunder.disable" imagelist="imagelist.webbrowser.backthunder" index="2"/><imagelist id="imagelist.webbrowser.backthunder.ani" splitter="1" vertical="0" varyblock="0" blocksize="38" image="bitmap\imagelist.webbrowser.backthunder.ani.png"/><imageseq id="webbrowser.backthunder.ani" imagelist="imagelist.webbrowser.backthunder.ani"/><texture id="bitmap.mainwnd.toolbar.round_btton_bkg.normal" type="Fill" image="bitmap\transparent.png"/><texture id="bitmap.mainwnd.toolbar.round_btton_bkg.hover" type="ThreeInOneH" imagelist="imagelist.mainwnd.toolbar.btn" index="2"/><texture id="bitmap.mainwnd.toolbar.round_btton_bkg.down" type="ThreeInOneH" imagelist="imagelist.mainwnd.toolbar.btn" index="3"/><texture id="bitmap.mainwnd.toolbar.round_btton_bkg.disable" type="Fill" image="bitmap\transparent.png"/><texture id="bitmap.mainwnd.toolbar.left_btton_bkg.normal" type="Fill" image="bitmap\transparent.png"/><texture id="bitmap.mainwnd.toolbar.left_btton_bkg.hover" type="ThreeInOneH" imagelist="imagelist.mainwnd.toolbar.btn" index="2"/><texture id="bitmap.mainwnd.toolbar.left_btton_bkg.down" type="ThreeInOneH" imagelist="imagelist.mainwnd.toolbar.btn" index="3"/><texture id="bitmap.mainwnd.toolbar.left_btton_bkg.disable" type="Fill" image="bitmap\transparent.png"/><texture id="bitmap.mainwnd.toolbar.right_btton_bkg.normal" type="Fill" image="bitmap\transparent.png"/><texture id="bitmap.mainwnd.toolbar.right_btton_bkg.hover" type="ThreeInOneH" imagelist="imagelist.mainwnd.toolbar.btn" index="2"/><texture id="bitmap.mainwnd.toolbar.right_btton_bkg.down" type="ThreeInOneH" imagelist="imagelist.mainwnd.toolbar.btn" index="3"/><texture id="bitmap.mainwnd.toolbar.right_btton_bkg.disable" type="Fill" image="bitmap\transparent.png"/><texture id="bitmap.mainwnd.toolbar.mid_btton_bkg.normal" type="Fill" image="bitmap\transparent.png"/><texture id="bitmap.mainwnd.toolbar.mid_btton_bkg.hover" type="ThreeInOneH" imagelist="imagelist.mainwnd.toolbar.btn" index="2"/><texture id="bitmap.mainwnd.toolbar.mid_btton_bkg.down" type="ThreeInOneH" imagelist="imagelist.mainwnd.toolbar.btn" index="3"/><texture id="bitmap.mainwnd.toolbar.mid_btton_bkg.disable" type="Fill" image="bitmap\transparent.png"/><bitmap id="bitmap.mainwnd.toolbar.seprate" path="bitmap\toolbar.seprate.png"/><imagelist id="imagelist.mainwnd.toolbar.drop_down_button" splitter="1" vertical="0" varyblock="0" blocksize="15" image="bitmap\newtask.down_arrow.png"/><bitmap id="bitmap.mainwnd.toolbar.draw_down_button.bkg.normal" imagelist="imagelist.mainwnd.toolbar.drop_down_button" index="1"/><bitmap id="bitmap.mainwnd.toolbar.draw_down_button.bkg.hover" imagelist="imagelist.mainwnd.toolbar.drop_down_button" index="2"/><bitmap id="bitmap.mainwnd.toolbar.draw_down_button.bkg.down" imagelist="imagelist.mainwnd.toolbar.drop_down_button" index="3"/><bitmap id="bitmap.mainwnd.toolbar.draw_down_button.bkg.disable" imagelist="imagelist.mainwnd.toolbar.drop_down_button" index="4"/><texture id="texture.mainwnd.tip.bkg" type="NineInOne" image="bitmap\mainwnd_bkg_tip.png"/></resource></XLUE>